id,title,category,price,rating
0137145500,book_0137145500,,0.0,4.0
0062230174,book_0062230174,,0.0,4.0
0151015082,book_0151015082,,0.0,4.0
0064472671,book_0064472671,,0.0,4.0
0061711802,book_0061711802,,0.0,4.0
0099468646,book_0099468646,,0.0,4.0
0061067156,book_0061067156,,0.0,4.0
0060541741,book_0060541741,,0.0,4.0
0062075950,book_0062075950,,0.0,4.0
0062297031,book_0062297031,,0.0,4.0
0060919884,book_0060919884,,0.0,4.0
0199657122,book_0199657122,,0.0,4.0
0143034898,book_0143034898,,0.0,4.0
014280018X,book_014280018X,,0.0,4.0
0060892374,book_0060892374,,0.0,4.0
0060762055,book_0060762055,,0.0,4.0
0140067477,book_0140067477,,0.0,4.0
0061239194,book_0061239194,,0.0,4.0
0060820683,book_0060820683,,0.0,4.0
0061031453,book_0061031453,,0.0,4.0
0062021281,book_0062021281,,0.0,4.0
0006162649,book_0006162649,,0.0,4.0
0143038095,book_0143038095,,0.0,4.0
0060825405,book_0060825405,,0.0,4.0
0061229695,book_0061229695,,0.0,4.0
0061177571,book_0061177571,,0.0,4.0
0062090364,book_0062090364,,0.0,4.0
0137056532,book_0137056532,,0.0,4.0
0061713767,book_0061713767,,0.0,4.0
0240815653,book_0240815653,,0.0,4.0
030727747X,book_030727747X,,0.0,4.0
0060825413,book_0060825413,,0.0,4.0
0060930187,book_0060930187,,0.0,4.0
0142411558,book_0142411558,,0.0,4.0
0240521765,book_0240521765,,0.0,4.0
0300166311,book_0300166311,,0.0,4.0
0140267670,book_0140267670,,0.0,4.0
0061091847,book_0061091847,,0.0,4.0
0137135556,book_0137135556,,0.0,4.0
0307269760,book_0307269760,,0.0,4.0
0060721545,book_0060721545,,0.0,4.0
006220422X,book_006220422X,,0.0,4.0
0062278509,book_0062278509,,0.0,4.0
0143124943,book_0143124943,,0.0,4.0
0132172607,book_0132172607,,0.0,4.0
0061782351,book_0061782351,,0.0,4.0
0140447946,book_0140447946,,0.0,4.0
0061985880,book_0061985880,,0.0,4.0
0140441506,book_0140441506,,0.0,4.0
0061284173,book_0061284173,,0.0,4.0
0132900432,book_0132900432,,0.0,4.0
006102063X,book_006102063X,,0.0,4.0
0060742917,book_0060742917,,0.0,4.0
0062305840,book_0062305840,,0.0,4.0
0002007770,book_0002007770,,0.0,4.0
006211817X,book_006211817X,,0.0,4.0
0060085894,book_0060085894,,0.0,4.0
0062223704,book_0062223704,,0.0,4.0
0060278676,book_0060278676,,0.0,4.0
0061431346,book_0061431346,,0.0,4.0
0307393852,book_0307393852,,0.0,4.0
0060592826,book_0060592826,,0.0,4.0
0142001430,book_0142001430,,0.0,4.0
0062135317,book_0062135317,,0.0,4.0
0141322217,book_0141322217,,0.0,4.0
0061256684,book_0061256684,,0.0,4.0
0061969559,book_0061969559,,0.0,4.0
009946019X,book_009946019X,,0.0,4.0
0062099442,book_0062099442,,0.0,4.0
030727067X,book_030727067X,,0.0,4.0
0140280197,book_0140280197,,0.0,4.0
0060829672,book_0060829672,,0.0,4.0
0060889632,book_0060889632,,0.0,4.0
0307268292,book_0307268292,,0.0,4.0
0061930210,book_0061930210,,0.0,4.0
0060517468,book_0060517468,,0.0,4.0
0099244926,book_0099244926,,0.0,4.0
0143123122,book_0143123122,,0.0,4.0
014028009X,book_014028009X,,0.0,4.0
0061357901,book_0061357901,,0.0,4.0
0307474003,book_0307474003,,0.0,4.0
0240813499,book_0240813499,,0.0,4.0
0062115359,book_0062115359,,0.0,4.0
0060955449,book_0060955449,,0.0,4.0
030727859X,book_030727859X,,0.0,4.0
0062508865,book_0062508865,,0.0,4.0
0142403105,book_0142403105,,0.0,4.0
0006158048,book_0006158048,,0.0,4.0
0099465825,book_0099465825,,0.0,4.0
0199592322,book_0199592322,,0.0,4.0
0141301074,book_0141301074,,0.0,4.0
015202493X,book_015202493X,,0.0,4.0
0060507845,book_0060507845,,0.0,4.0
0061020656,book_0061020656,,0.0,4.0
0061584991,book_0061584991,,0.0,4.0
0060755784,book_0060755784,,0.0,4.0
0140441751,book_0140441751,,0.0,4.0
0140233776,book_0140233776,,0.0,4.0
0306821761,book_0306821761,,0.0,4.0
0062021389,book_0062021389,,0.0,4.0
014005667X,book_014005667X,,0.0,4.0
0132755106,book_0132755106,,0.0,4.0
006178480X,book_006178480X,,0.0,4.0
0060199393,book_0060199393,,0.0,4.0
0143115472,book_0143115472,,0.0,4.0
0099474441,book_0099474441,,0.0,4.0
0140047484,book_0140047484,,0.0,4.0
0140011722,book_0140011722,,0.0,4.0
0140282610,book_0140282610,,0.0,4.0
0061122106,book_0061122106,,0.0,4.0
0140443533,book_0140443533,,0.0,4.0
0071626530,book_0071626530,,0.0,4.0
006000150X,book_006000150X,,0.0,4.0
0281052867,book_0281052867,,0.0,4.0
006221893X,book_006221893X,,0.0,4.0
0307268977,book_0307268977,,0.0,4.0
0062267159,book_0062267159,,0.0,4.0
0143037315,book_0143037315,,0.0,4.0
0061852066,book_0061852066,,0.0,4.0
0062284398,book_0062284398,,0.0,4.0
000719739X,book_000719739X,,0.0,4.0
0064473627,book_0064473627,,0.0,4.0
0192834401,book_0192834401,,0.0,4.0
0240813979,book_0240813979,,0.0,4.0
0137019963,book_0137019963,,0.0,4.0
014012392X,book_014012392X,,0.0,4.0
0062202235,book_0062202235,,0.0,4.0
0062107798,book_0062107798,,0.0,4.0
0060779616,book_0060779616,,0.0,4.0
0141020644,book_0141020644,,0.0,4.0
0061009881,book_0061009881,,0.0,4.0
0151008116,book_0151008116,,0.0,4.0
0307395863,book_0307395863,,0.0,4.0
0192835793,book_0192835793,,0.0,4.0
0060774126,book_0060774126,,0.0,4.0
0061555819,book_0061555819,,0.0,4.0
0061803863,book_0061803863,,0.0,4.0
0307265838,book_0307265838,,0.0,4.0
0062022342,book_0062022342,,0.0,4.0
006172372X,book_006172372X,,0.0,4.0
0061579521,book_0061579521,,0.0,4.0
0140294376,book_0140294376,,0.0,4.0
0061558265,book_0061558265,,0.0,4.0
0062082221,book_0062082221,,0.0,4.0
0060542462,book_0060542462,,0.0,4.0
0062012037,book_0062012037,,0.0,4.0
0061227692,book_0061227692,,0.0,4.0
0060526556,book_0060526556,,0.0,4.0
0061231428,book_0061231428,,0.0,4.0
0307270734,book_0307270734,,0.0,4.0
0140189785,book_0140189785,,0.0,4.0
0195314395,book_0195314395,,0.0,4.0
0061232920,book_0061232920,,0.0,4.0
0062103105,book_0062103105,,0.0,4.0
0156001888,book_0156001888,,0.0,4.0
0061542776,book_0061542776,,0.0,4.0
0142301515,book_0142301515,,0.0,4.0
0062108166,book_0062108166,,0.0,4.0
0060742860,book_0060742860,,0.0,4.0
0307270823,book_0307270823,,0.0,4.0
0307452069,book_0307452069,,0.0,4.0
0061859362,book_0061859362,,0.0,4.0
0143035444,book_0143035444,,0.0,4.0
0240812352,book_0240812352,,0.0,4.0
0151004218,book_0151004218,,0.0,4.0
0143118692,book_0143118692,,0.0,4.0
0140443878,book_0140443878,,0.0,4.0
0099519852,book_0099519852,,0.0,4.0
0192823760,book_0192823760,,0.0,4.0
0061229628,book_0061229628,,0.0,4.0
006207119X,book_006207119X,,0.0,4.0
0142422037,book_0142422037,,0.0,4.0
0060193484,book_0060193484,,0.0,4.0
0061767891,book_0061767891,,0.0,4.0
0143142216,book_0143142216,,0.0,4.0
0141439521,book_0141439521,,0.0,4.0
0060518650,book_0060518650,,0.0,4.0
0062062247,book_0062062247,,0.0,4.0
0140275363,book_0140275363,,0.0,4.0
0099453193,book_0099453193,,0.0,4.0
0062020153,book_0062020153,,0.0,4.0
006074135X,book_006074135X,,0.0,4.0
0060005505,book_0060005505,,0.0,4.0
0140183523,book_0140183523,,0.0,4.0
014305838X,book_014305838X,,0.0,4.0
0143114794,book_0143114794,,0.0,4.0
0061563080,book_0061563080,,0.0,4.0
0061657700,book_0061657700,,0.0,4.0
006135323X,book_006135323X,,0.0,4.0
0061099732,book_0061099732,,0.0,4.0
0060833289,book_0060833289,,0.0,4.0
0307476898,book_0307476898,,0.0,4.0
0300122233,book_0300122233,,0.0,4.0
0140296301,book_0140296301,,0.0,4.0
0061779725,book_0061779725,,0.0,4.0
0151015287,book_0151015287,,0.0,4.0
0307379418,book_0307379418,,0.0,4.0
0152017682,book_0152017682,,0.0,4.0
0307352587,book_0307352587,,0.0,4.0
0064472884,book_0064472884,,0.0,4.0
0307277224,book_0307277224,,0.0,4.0
0062072927,book_0062072927,,0.0,4.0
0062316869,book_0062316869,,0.0,4.0
0143034669,book_0143034669,,0.0,4.0
0020088221,book_0020088221,,0.0,4.0
0060577339,book_0060577339,,0.0,4.0
0061123935,book_0061123935,,0.0,4.0
024081441X,book_024081441X,,0.0,4.0
0062048570,book_0062048570,,0.0,4.0
013296483X,book_013296483X,,0.0,4.0
0137070624,book_0137070624,,0.0,4.0
0140714073,book_0140714073,,0.0,4.0
006087600X,book_006087600X,,0.0,4.0
0156013231,book_0156013231,,0.0,4.0
0061791059,book_0061791059,,0.0,4.0
0060737034,book_0060737034,,0.0,4.0
0060529474,book_0060529474,,0.0,4.0
023076889X,book_023076889X,,0.0,4.0
0060735023,book_0060735023,,0.0,4.0
0061373222,book_0061373222,,0.0,4.0
0307406113,book_0307406113,,0.0,4.0
0142409081,book_0142409081,,0.0,4.0
0099525372,book_0099525372,,0.0,4.0
0060765127,book_0060765127,,0.0,4.0
0061242845,book_0061242845,,0.0,4.0
014016622X,book_014016622X,,0.0,4.0
0061659258,book_0061659258,,0.0,4.0
0060548258,book_0060548258,,0.0,4.0
0061779814,book_0061779814,,0.0,4.0
0060734051,book_0060734051,,0.0,4.0
0307409589,book_0307409589,,0.0,4.0
0141002077,book_0141002077,,0.0,4.0
0060754753,book_0060754753,,0.0,4.0
0060789573,book_0060789573,,0.0,4.0
0307236056,book_0307236056,,0.0,4.0
0061962244,book_0061962244,,0.0,4.0
0061724912,book_0061724912,,0.0,4.0
0060923245,book_0060923245,,0.0,4.0
0142414336,book_0142414336,,0.0,4.0
0061914657,book_0061914657,,0.0,4.0
0061247820,book_0061247820,,0.0,4.0
0142001686,book_0142001686,,0.0,4.0
013145501X,book_013145501X,,0.0,4.0
0143113763,book_0143113763,,0.0,4.0
0062273221,book_0062273221,,0.0,4.0
0123821762,book_0123821762,,0.0,4.0
0062109847,book_0062109847,,0.0,4.0
0143123246,book_0143123246,,0.0,4.0
0140166548,book_0140166548,,0.0,4.0
0062049666,book_0062049666,,0.0,4.0
006009494X,book_006009494X,,0.0,4.0
0062294822,book_0062294822,,0.0,4.0
0062072188,book_0062072188,,0.0,4.0
0140159959,book_0140159959,,0.0,4.0
0151013047,book_0151013047,,0.0,4.0
0062220144,book_0062220144,,0.0,4.0
0142003808,book_0142003808,,0.0,4.0
006088262X,book_006088262X,,0.0,4.0
0062302426,book_0062302426,,0.0,4.0
0060594330,book_0060594330,,0.0,4.0
014044274X,book_014044274X,,0.0,4.0
0061097101,book_0061097101,,0.0,4.0
0061429783,book_0061429783,,0.0,4.0
0307476332,book_0307476332,,0.0,4.0
0060763264,book_0060763264,,0.0,4.0
0199928355,book_0199928355,,0.0,4.0
0131467506,book_0131467506,,0.0,4.0
006065337X,book_006065337X,,0.0,4.0
0062003941,book_0062003941,,0.0,4.0
0143122274,book_0143122274,,0.0,4.0
0061020702,book_0061020702,,0.0,4.0
0099277093,book_0099277093,,0.0,4.0
0152066152,book_0152066152,,0.0,4.0
0141800356,book_0141800356,,0.0,4.0
014132855X,book_014132855X,,0.0,4.0
0307268047,book_0307268047,,0.0,4.0
0060570733,book_0060570733,,0.0,4.0
0061558281,book_0061558281,,0.0,4.0
0142003239,book_0142003239,,0.0,4.0
0061239224,book_0061239224,,0.0,4.0
0140188053,book_0140188053,,0.0,4.0
0061924601,book_0061924601,,0.0,4.0
0062102907,book_0062102907,,0.0,4.0
0307278956,book_0307278956,,0.0,4.0
0133092585,book_0133092585,,0.0,4.0
0142417718,book_0142417718,,0.0,4.0
0060195576,book_0060195576,,0.0,4.0
0060531061,book_0060531061,,0.0,4.0
0140447571,book_0140447571,,0.0,4.0
0131385666,book_0131385666,,0.0,4.0
0061098639,book_0061098639,,0.0,4.0
0140431225,book_0140431225,,0.0,4.0
0307265773,book_0307265773,,0.0,4.0
0061284424,book_0061284424,,0.0,4.0
0061233595,book_0061233595,,0.0,4.0
0062107909,book_0062107909,,0.0,4.0
0064472574,book_0064472574,,0.0,4.0
0091949300,book_0091949300,,0.0,4.0
0060959355,book_0060959355,,0.0,4.0
0062065246,book_0062065246,,0.0,4.0
014018371X,book_014018371X,,0.0,4.0
030727117X,book_030727117X,,0.0,4.0
0060532297,book_0060532297,,0.0,4.0
0099297701,book_0099297701,,0.0,4.0
0060724501,book_0060724501,,0.0,4.0
0062121693,book_0062121693,,0.0,4.0
0061146331,book_0061146331,,0.0,4.0
0306818507,book_0306818507,,0.0,4.0
0123749646,book_0123749646,,0.0,4.0
030726310X,book_030726310X,,0.0,4.0
0060734019,book_0060734019,,0.0,4.0
006101351X,book_006101351X,,0.0,4.0
0192834088,book_0192834088,,0.0,4.0
0142003891,book_0142003891,,0.0,4.0
0061999180,book_0061999180,,0.0,4.0
0060548274,book_0060548274,,0.0,4.0
0307379388,book_0307379388,,0.0,4.0
0061345660,book_0061345660,,0.0,4.0
0141182571,book_0141182571,,0.0,4.0
0061148520,book_0061148520,,0.0,4.0
0140122060,book_0140122060,,0.0,4.0
006201448X,book_006201448X,,0.0,4.0
0152057277,book_0152057277,,0.0,4.0
0143115146,book_0143115146,,0.0,4.0
0199539308,book_0199539308,,0.0,4.0
0140446044,book_0140446044,,0.0,4.0
0140368140,book_0140368140,,0.0,4.0
0307353133,book_0307353133,,0.0,4.0
0141303484,book_0141303484,,0.0,4.0
0140432078,book_0140432078,,0.0,4.0
0240819152,book_0240819152,,0.0,4.0
0143123238,book_0143123238,,0.0,4.0
0307453421,book_0307453421,,0.0,4.0
0061671789,book_0061671789,,0.0,4.0
0062027913,book_0062027913,,0.0,4.0
0091800951,book_0091800951,,0.0,4.0
0140431950,book_0140431950,,0.0,4.0
006039322X,book_006039322X,,0.0,4.0
0061430234,book_0061430234,,0.0,4.0
0007189885,book_0007189885,,0.0,4.0
0142404039,book_0142404039,,0.0,4.0
0307379167,book_0307379167,,0.0,4.0
0099285568,book_0099285568,,0.0,4.0
0156033364,book_0156033364,,0.0,4.0
0060536713,book_0060536713,,0.0,4.0
0060598824,book_0060598824,,0.0,4.0
0151002290,book_0151002290,,0.0,4.0
0061256374,book_0061256374,,0.0,4.0
0143115006,book_0143115006,,0.0,4.0
0060527463,book_0060527463,,0.0,4.0
0062195344,book_0062195344,,0.0,4.0
0060820985,book_0060820985,,0.0,4.0
0061673749,book_0061673749,,0.0,4.0
0156030322,book_0156030322,,0.0,4.0
0143037137,book_0143037137,,0.0,4.0
0060544880,book_0060544880,,0.0,4.0
0240818180,book_0240818180,,0.0,4.0
0060524308,book_0060524308,,0.0,4.0
0140501827,book_0140501827,,0.0,4.0
006052085X,book_006052085X,,0.0,4.0
0060855924,book_0060855924,,0.0,4.0
0151010501,book_0151010501,,0.0,4.0
0060256656,book_0060256656,,0.0,4.0
0307461602,book_0307461602,,0.0,4.0
0307472248,book_0307472248,,0.0,4.0
0027136701,book_0027136701,,0.0,4.0
0060564679,book_0060564679,,0.0,4.0
0143123580,book_0143123580,,0.0,4.0
0156870118,book_0156870118,,0.0,4.0
0060505885,book_0060505885,,0.0,4.0
0062073788,book_0062073788,,0.0,4.0
0071592997,book_0071592997,,0.0,4.0
0140447660,book_0140447660,,0.0,4.0
0061134244,book_0061134244,,0.0,4.0
006056542X,book_006056542X,,0.0,4.0
0060006927,book_0060006927,,0.0,4.0
009192667X,book_009192667X,,0.0,4.0
0307266427,book_0307266427,,0.0,4.0
0061092193,book_0061092193,,0.0,4.0
0071357548,book_0071357548,,0.0,4.0
030726579X,book_030726579X,,0.0,4.0
0062076108,book_0062076108,,0.0,4.0
0060724250,book_0060724250,,0.0,4.0
0062048686,book_0062048686,,0.0,4.0
006136925X,book_006136925X,,0.0,4.0
0152465030,book_0152465030,,0.0,4.0
0061806781,book_0061806781,,0.0,4.0
0061672238,book_0061672238,,0.0,4.0
0141000511,book_0141000511,,0.0,4.0
0123745381,book_0123745381,,0.0,4.0
0307474968,book_0307474968,,0.0,4.0
0062037676,book_0062037676,,0.0,4.0
0061999164,book_0061999164,,0.0,4.0
0307387216,book_0307387216,,0.0,4.0
0062219006,book_0062219006,,0.0,4.0
0307266796,book_0307266796,,0.0,4.0
0152017666,book_0152017666,,0.0,4.0
0307236722,book_0307236722,,0.0,4.0
0195134427,book_0195134427,,0.0,4.0
0307272508,book_0307272508,,0.0,4.0
0062026542,book_0062026542,,0.0,4.0
0143115952,book_0143115952,,0.0,4.0
0307277542,book_0307277542,,0.0,4.0
0007299540,book_0007299540,,0.0,4.0
0060891564,book_0060891564,,0.0,4.0
006077407X,book_006077407X,,0.0,4.0
0307353400,book_0307353400,,0.0,4.0
0062092847,book_0062092847,,0.0,4.0
0307267679,book_0307267679,,0.0,4.0
0099574918,book_0099574918,,0.0,4.0
006117758X,book_006117758X,,0.0,4.0
0060520515,book_0060520515,,0.0,4.0
0091937426,book_0091937426,,0.0,4.0
0062068652,book_0062068652,,0.0,4.0
0060557559,book_0060557559,,0.0,4.0
0151013403,book_0151013403,,0.0,4.0
0007155417,book_0007155417,,0.0,4.0
0141331976,book_0141331976,,0.0,4.0
0140270779,book_0140270779,,0.0,4.0
0142000000,book_0142000000,,0.0,4.0
0061783145,book_0061783145,,0.0,4.0
0192728644,book_0192728644,,0.0,4.0
0137022077,book_0137022077,,0.0,4.0
006133927X,book_006133927X,,0.0,4.0
0132244799,book_0132244799,,0.0,4.0
0141040378,book_0141040378,,0.0,4.0
0140296476,book_0140296476,,0.0,4.0
0199225869,book_0199225869,,0.0,4.0
0062026127,book_0062026127,,0.0,4.0
015100448X,book_015100448X,,0.0,4.0
0140088172,book_0140088172,,0.0,4.0
009937790X,book_009937790X,,0.0,4.0
0240811909,book_0240811909,,0.0,4.0
0064409945,book_0064409945,,0.0,4.0
0060760907,book_0060760907,,0.0,4.0
030723827X,book_030723827X,,0.0,4.0
0230613926,book_0230613926,,0.0,4.0
0240521935,book_0240521935,,0.0,4.0
0061802360,book_0061802360,,0.0,4.0
0140291962,book_0140291962,,0.0,4.0
0143036688,book_0143036688,,0.0,4.0
019285383X,book_019285383X,,0.0,4.0
0061122831,book_0061122831,,0.0,4.0
0060011912,book_0060011912,,0.0,4.0
0307381463,book_0307381463,,0.0,4.0
0061718173,book_0061718173,,0.0,4.0
0307453022,book_0307453022,,0.0,4.0
0060590297,book_0060590297,,0.0,4.0
0307291448,book_0307291448,,0.0,4.0
014018869X,book_014018869X,,0.0,4.0
0060732474,book_0060732474,,0.0,4.0
0060008881,book_0060008881,,0.0,4.0
0307010856,book_0307010856,,0.0,4.0
0240818644,book_0240818644,,0.0,4.0
0307377431,book_0307377431,,0.0,4.0
0140280510,book_0140280510,,0.0,4.0
0062088513,book_0062088513,,0.0,4.0
0240521609,book_0240521609,,0.0,4.0
0060574747,book_0060574747,,0.0,4.0
014062029X,book_014062029X,,0.0,4.0
0061056928,book_0061056928,,0.0,4.0
0140431357,book_0140431357,,0.0,4.0
0070132356,book_0070132356,,0.0,4.0
0306813041,book_0306813041,,0.0,4.0
0062241451,book_0062241451,,0.0,4.0
0060184957,book_0060184957,,0.0,4.0
0143119761,book_0143119761,,0.0,4.0
0061996203,book_0061996203,,0.0,4.0
0140186417,book_0140186417,,0.0,4.0
0062002368,book_0062002368,,0.0,4.0
0099440784,book_0099440784,,0.0,4.0
0060512741,book_0060512741,,0.0,4.0
0156005492,book_0156005492,,0.0,4.0
0140512004,book_0140512004,,0.0,4.0
0140390464,book_0140390464,,0.0,4.0
0307385906,book_0307385906,,0.0,4.0
006203300X,book_006203300X,,0.0,4.0
0062500309,book_0062500309,,0.0,4.0
0007107927,book_0007107927,,0.0,4.0
0152062920,book_0152062920,,0.0,4.0
0060757647,book_0060757647,,0.0,4.0
0061189537,book_0061189537,,0.0,4.0
0062071041,book_0062071041,,0.0,4.0
0061961183,book_0061961183,,0.0,4.0
0060997028,book_0060997028,,0.0,4.0
0060508175,book_0060508175,,0.0,4.0
0061228753,book_0061228753,,0.0,4.0
0226771032,book_0226771032,,0.0,4.0
0060772913,book_0060772913,,0.0,4.0
0143142240,book_0143142240,,0.0,4.0
0061974072,book_0061974072,,0.0,4.0
0062310755,book_0062310755,,0.0,4.0
0061706876,book_0061706876,,0.0,4.0
0140244646,book_0140244646,,0.0,4.0
0307272664,book_0307272664,,0.0,4.0
0062045032,book_0062045032,,0.0,4.0
0061139610,book_0061139610,,0.0,4.0
0061341223,book_0061341223,,0.0,4.0
0061239097,book_0061239097,,0.0,4.0
0060780738,book_0060780738,,0.0,4.0
0143112015,book_0143112015,,0.0,4.0
0062019481,book_0062019481,,0.0,4.0
0140189424,book_0140189424,,0.0,4.0
030727179X,book_030727179X,,0.0,4.0
0297995219,book_0297995219,,0.0,4.0
0060955406,book_0060955406,,0.0,4.0
0060574879,book_0060574879,,0.0,4.0
0002550938,book_0002550938,,0.0,4.0
0140865241,book_0140865241,,0.0,4.0
0240810333,book_0240810333,,0.0,4.0
0131423983,book_0131423983,,0.0,4.0
0133133710,book_0133133710,,0.0,4.0
0062135953,book_0062135953,,0.0,4.0
0240814193,book_0240814193,,0.0,4.0
0061579114,book_0061579114,,0.0,4.0
0007419511,book_0007419511,,0.0,4.0
0151012997,book_0151012997,,0.0,4.0
0060527544,book_0060527544,,0.0,4.0
014018726X,book_014018726X,,0.0,4.0
0062026771,book_0062026771,,0.0,4.0
0099453452,book_0099453452,,0.0,4.0
0143037951,book_0143037951,,0.0,4.0
0140244883,book_0140244883,,0.0,4.0
0142004804,book_0142004804,,0.0,4.0
0061357871,book_0061357871,,0.0,4.0
0060193611,book_0060193611,,0.0,4.0
0195032098,book_0195032098,,0.0,4.0
0062073559,book_0062073559,,0.0,4.0
0007229690,book_0007229690,,0.0,4.0
0140444564,book_0140444564,,0.0,4.0
0307266192,book_0307266192,,0.0,4.0
0137029101,book_0137029101,,0.0,4.0
0060565276,book_0060565276,,0.0,4.0
0143038869,book_0143038869,,0.0,4.0
0061351938,book_0061351938,,0.0,4.0
0060186399,book_0060186399,,0.0,4.0
0061579157,book_0061579157,,0.0,4.0
0061137642,book_0061137642,,0.0,4.0
0307354164,book_0307354164,,0.0,4.0
0061840300,book_0061840300,,0.0,4.0
0140440399,book_0140440399,,0.0,4.0
0061256781,book_0061256781,,0.0,4.0
0142418196,book_0142418196,,0.0,4.0
0062080539,book_0062080539,,0.0,4.0
0141040343,book_0141040343,,0.0,4.0
0007182155,book_0007182155,,0.0,4.0
0062240617,book_0062240617,,0.0,4.0
0062068539,book_0062068539,,0.0,4.0
0064410161,book_0064410161,,0.0,4.0
0061671339,book_0061671339,,0.0,4.0
0062267906,book_0062267906,,0.0,4.0
0156031175,book_0156031175,,0.0,4.0
006057299X,book_006057299X,,0.0,4.0
0062073818,book_0062073818,,0.0,4.0
0061575399,book_0061575399,,0.0,4.0
0099269325,book_0099269325,,0.0,4.0
0060935499,book_0060935499,,0.0,4.0
0061490024,book_0061490024,,0.0,4.0
0152024883,book_0152024883,,0.0,4.0
0061238600,book_0061238600,,0.0,4.0
0060516054,book_0060516054,,0.0,4.0
0151014124,book_0151014124,,0.0,4.0
0307474925,book_0307474925,,0.0,4.0
0141039280,book_0141039280,,0.0,4.0
0307459179,book_0307459179,,0.0,4.0
006087287X,book_006087287X,,0.0,4.0
013702018X,book_013702018X,,0.0,4.0
0060884266,book_0060884266,,0.0,4.0
0307377342,book_0307377342,,0.0,4.0
0061834300,book_0061834300,,0.0,4.0
0064405842,book_0064405842,,0.0,4.0
0195369882,book_0195369882,,0.0,4.0
0061788406,book_0061788406,,0.0,4.0
0307272222,book_0307272222,,0.0,4.0
0060185147,book_0060185147,,0.0,4.0
0061921262,book_0061921262,,0.0,4.0
0060525509,book_0060525509,,0.0,4.0
006201451X,book_006201451X,,0.0,4.0
0061999091,book_0061999091,,0.0,4.0
0143107291,book_0143107291,,0.0,4.0
0307359034,book_0307359034,,0.0,4.0
0062049739,book_0062049739,,0.0,4.0
0062192469,book_0062192469,,0.0,4.0
0061438561,book_0061438561,,0.0,4.0
0300169272,book_0300169272,,0.0,4.0
0060524464,book_0060524464,,0.0,4.0
0061992763,book_0061992763,,0.0,4.0
0020306652,book_0020306652,,0.0,4.0
0143117351,book_0143117351,,0.0,4.0
0141007540,book_0141007540,,0.0,4.0
0060915188,book_0060915188,,0.0,4.0
0140187456,book_0140187456,,0.0,4.0
0307237699,book_0307237699,,0.0,4.0
0201354934,book_0201354934,,0.0,4.0
0061241806,book_0061241806,,0.0,4.0
0307576531,book_0307576531,,0.0,4.0
0061632686,book_0061632686,,0.0,4.0
0061714364,book_0061714364,,0.0,4.0
0060744901,book_0060744901,,0.0,4.0
0140088911,book_0140088911,,0.0,4.0
0062225286,book_0062225286,,0.0,4.0
0226595668,book_0226595668,,0.0,4.0
0061054879,book_0061054879,,0.0,4.0
0061836834,book_0061836834,,0.0,4.0
0099285045,book_0099285045,,0.0,4.0
0143057464,book_0143057464,,0.0,4.0
0140432620,book_0140432620,,0.0,4.0
0062737384,book_0062737384,,0.0,4.0
0199558302,book_0199558302,,0.0,4.0
0061449466,book_0061449466,,0.0,4.0
0143122061,book_0143122061,,0.0,4.0
0306811677,book_0306811677,,0.0,4.0
0061348155,book_0061348155,,0.0,4.0
0192860925,book_0192860925,,0.0,4.0
0007225520,book_0007225520,,0.0,4.0
0240820479,book_0240820479,,0.0,4.0
0061000043,book_0061000043,,0.0,4.0
0061728918,book_0061728918,,0.0,4.0
0060937548,book_0060937548,,0.0,4.0
0060608528,book_0060608528,,0.0,4.0
0061478768,book_0061478768,,0.0,4.0
0307476073,book_0307476073,,0.0,4.0
0061470856,book_0061470856,,0.0,4.0
0060195746,book_0060195746,,0.0,4.0
0060540427,book_0060540427,,0.0,4.0
0060559144,book_0060559144,,0.0,4.0
0192838679,book_0192838679,,0.0,4.0
0060796626,book_0060796626,,0.0,4.0
0007291183,book_0007291183,,0.0,4.0
0143112783,book_0143112783,,0.0,4.0
0061161268,book_0061161268,,0.0,4.0
0062128027,book_0062128027,,0.0,4.0
0062073427,book_0062073427,,0.0,4.0
0140430482,book_0140430482,,0.0,4.0
0061808393,book_0061808393,,0.0,4.0
006079156X,book_006079156X,,0.0,4.0
006149190X,book_006149190X,,0.0,4.0
0062230808,book_0062230808,,0.0,4.0
0060723866,book_0060723866,,0.0,4.0
0060505125,book_0060505125,,0.0,4.0
0132963876,book_0132963876,,0.0,4.0
0061808725,book_0061808725,,0.0,4.0
0061885681,book_0061885681,,0.0,4.0
0006145388,book_0006145388,,0.0,4.0
0152064087,book_0152064087,,0.0,4.0
0300017405,book_0300017405,,0.0,4.0
0060006293,book_0060006293,,0.0,4.0
0064409414,book_0064409414,,0.0,4.0
0137057385,book_0137057385,,0.0,4.0
0142400769,book_0142400769,,0.0,4.0
0142003344,book_0142003344,,0.0,4.0
0060758759,book_0060758759,,0.0,4.0
0061214779,book_0061214779,,0.0,4.0
0062236997,book_0062236997,,0.0,4.0
0061727660,book_0061727660,,0.0,4.0
0061994316,book_0061994316,,0.0,4.0
0060392886,book_0060392886,,0.0,4.0
0061963070,book_0061963070,,0.0,4.0
0140374396,book_0140374396,,0.0,4.0
0060915412,book_0060915412,,0.0,4.0
0062116150,book_0062116150,,0.0,4.0
0062023144,book_0062023144,,0.0,4.0
0143035878,book_0143035878,,0.0,4.0
006112138X,book_006112138X,,0.0,4.0
0240812433,book_0240812433,,0.0,4.0
0060519517,book_0060519517,,0.0,4.0
0060540346,book_0060540346,,0.0,4.0
0142411841,book_0142411841,,0.0,4.0
0061449482,book_0061449482,,0.0,4.0
0062064657,book_0062064657,,0.0,4.0
0060575735,book_0060575735,,0.0,4.0
0060841818,book_0060841818,,0.0,4.0
0062201050,book_0062201050,,0.0,4.0
0062240501,book_0062240501,,0.0,4.0
0060732067,book_0060732067,,0.0,4.0
0061173878,book_0061173878,,0.0,4.0
0140272119,book_0140272119,,0.0,4.0
014311638X,book_014311638X,,0.0,4.0
0060531231,book_0060531231,,0.0,4.0
024081200X,book_024081200X,,0.0,4.0
0061050938,book_0061050938,,0.0,4.0
0199291152,book_0199291152,,0.0,4.0
0061054267,book_0061054267,,0.0,4.0
0307291146,book_0307291146,,0.0,4.0
0060582294,book_0060582294,,0.0,4.0
0156029987,book_0156029987,,0.0,4.0
0307338789,book_0307338789,,0.0,4.0
0061826871,book_0061826871,,0.0,4.0
0143117971,book_0143117971,,0.0,4.0
0140231706,book_0140231706,,0.0,4.0
0132944677,book_0132944677,,0.0,4.0
007148664X,book_007148664X,,0.0,4.0
0307266907,book_0307266907,,0.0,4.0
0061672262,book_0061672262,,0.0,4.0
0061430927,book_0061430927,,0.0,4.0
0140266534,book_0140266534,,0.0,4.0
0062120395,book_0062120395,,0.0,4.0
0307266516,book_0307266516,,0.0,4.0
0142417807,book_0142417807,,0.0,4.0
0061430951,book_0061430951,,0.0,4.0
0061001783,book_0061001783,,0.0,4.0
0061710377,book_0061710377,,0.0,4.0
0307271080,book_0307271080,,0.0,4.0
0061963178,book_0061963178,,0.0,4.0
0062094572,book_0062094572,,0.0,4.0
0060937351,book_0060937351,,0.0,4.0
014009623X,book_014009623X,,0.0,4.0
0062049895,book_0062049895,,0.0,4.0
0263899403,book_0263899403,,0.0,4.0
024081150X,book_024081150X,,0.0,4.0
0156032562,book_0156032562,,0.0,4.0
0143122835,book_0143122835,,0.0,4.0
006143843X,book_006143843X,,0.0,4.0
0060523808,book_0060523808,,0.0,4.0
006191648X,book_006191648X,,0.0,4.0
0142501123,book_0142501123,,0.0,4.0
0060527307,book_0060527307,,0.0,4.0
0195160347,book_0195160347,,0.0,4.0
0062021893,book_0062021893,,0.0,4.0
0061257222,book_0061257222,,0.0,4.0
0027436225,book_0027436225,,0.0,4.0
0061990639,book_0061990639,,0.0,4.0
0137019602,book_0137019602,,0.0,4.0
0061124966,book_0061124966,,0.0,4.0
0061734004,book_0061734004,,0.0,4.0
0062000373,book_0062000373,,0.0,4.0
0060892579,book_0060892579,,0.0,4.0
0061374261,book_0061374261,,0.0,4.0
0060997036,book_0060997036,,0.0,4.0
0061978086,book_0061978086,,0.0,4.0
0062088254,book_0062088254,,0.0,4.0
0195178343,book_0195178343,,0.0,4.0
0143037234,book_0143037234,,0.0,4.0
0061726842,book_0061726842,,0.0,4.0
0061031542,book_0061031542,,0.0,4.0
0140434240,book_0140434240,,0.0,4.0
0061257079,book_0061257079,,0.0,4.0
0062103202,book_0062103202,,0.0,4.0
0060510609,book_0060510609,,0.0,4.0
0007101880,book_0007101880,,0.0,4.0
0060959258,book_0060959258,,0.0,4.0
0060721936,book_0060721936,,0.0,4.0
0240816986,book_0240816986,,0.0,4.0
0142403024,book_0142403024,,0.0,4.0
0061689866,book_0061689866,,0.0,4.0
0061864501,book_0061864501,,0.0,4.0
0062293192,book_0062293192,,0.0,4.0
0240821149,book_0240821149,,0.0,4.0
0307452921,book_0307452921,,0.0,4.0
0142000957,book_0142000957,,0.0,4.0
0061804347,book_0061804347,,0.0,4.0
0060845791,book_0060845791,,0.0,4.0
0061895075,book_0061895075,,0.0,4.0
0060890533,book_0060890533,,0.0,4.0
0060517638,book_0060517638,,0.0,4.0
0140071083,book_0140071083,,0.0,4.0
0060739681,book_0060739681,,0.0,4.0
0307336964,book_0307336964,,0.0,4.0
0020315910,book_0020315910,,0.0,4.0
0071591583,book_0071591583,,0.0,4.0
0151262276,book_0151262276,,0.0,4.0
0140094296,book_0140094296,,0.0,4.0
0060256672,book_0060256672,,0.0,4.0
0240812859,book_0240812859,,0.0,4.0
0143188712,book_0143188712,,0.0,4.0
0099451956,book_0099451956,,0.0,4.0
0099416158,book_0099416158,,0.0,4.0
0240814797,book_0240814797,,0.0,4.0
0061561649,book_0061561649,,0.0,4.0
0143113461,book_0143113461,,0.0,4.0
0131873709,book_0131873709,,0.0,4.0
0143115391,book_0143115391,,0.0,4.0
0143113909,book_0143113909,,0.0,4.0
0061914177,book_0061914177,,0.0,4.0
0062119516,book_0062119516,,0.0,4.0
0099513021,book_0099513021,,0.0,4.0
0142437263,book_0142437263,,0.0,4.0
0195169115,book_0195169115,,0.0,4.0
0061735108,book_0061735108,,0.0,4.0
0061853283,book_0061853283,,0.0,4.0
0142408808,book_0142408808,,0.0,4.0
0061995169,book_0061995169,,0.0,4.0
0062276026,book_0062276026,,0.0,4.0
0060293233,book_0060293233,,0.0,4.0
0140265473,book_0140265473,,0.0,4.0
0062024620,book_0062024620,,0.0,4.0
0140442014,book_0140442014,,0.0,4.0
0061771317,book_0061771317,,0.0,4.0
0060002522,book_0060002522,,0.0,4.0
0140449086,book_0140449086,,0.0,4.0
0060882387,book_0060882387,,0.0,4.0
0307382702,book_0307382702,,0.0,4.0
0060930314,book_0060930314,,0.0,4.0
006112494X,book_006112494X,,0.0,4.0
0060089555,book_0060089555,,0.0,4.0
0061685178,book_0061685178,,0.0,4.0
0307381730,book_0307381730,,0.0,4.0
0240810961,book_0240810961,,0.0,4.0
0060194863,book_0060194863,,0.0,4.0
0066210720,book_0066210720,,0.0,4.0
0307272605,book_0307272605,,0.0,4.0
0300084935,book_0300084935,,0.0,4.0
0060900075,book_0060900075,,0.0,4.0
0123859360,book_0123859360,,0.0,4.0
0156340402,book_0156340402,,0.0,4.0
0060955570,book_0060955570,,0.0,4.0
0140020535,book_0140020535,,0.0,4.0
0061236829,book_0061236829,,0.0,4.0
0230745652,book_0230745652,,0.0,4.0
0061926531,book_0061926531,,0.0,4.0
0140283617,book_0140283617,,0.0,4.0
0062073893,book_0062073893,,0.0,4.0
0226467716,book_0226467716,,0.0,4.0
0099443635,book_0099443635,,0.0,4.0
0143116843,book_0143116843,,0.0,4.0
0061122297,book_0061122297,,0.0,4.0
0143119133,book_0143119133,,0.0,4.0
0060721588,book_0060721588,,0.0,4.0
0062017306,book_0062017306,,0.0,4.0
0140147306,book_0140147306,,0.0,4.0
0142180025,book_0142180025,,0.0,4.0
0062501860,book_0062501860,,0.0,4.0
0061032085,book_0061032085,,0.0,4.0
0142401544,book_0142401544,,0.0,4.0
0061964409,book_0061964409,,0.0,4.0
014028334X,book_014028334X,,0.0,4.0
0143035711,book_0143035711,,0.0,4.0
0192828193,book_0192828193,,0.0,4.0
0060791586,book_0060791586,,0.0,4.0
006143275X,book_006143275X,,0.0,4.0
0151012768,book_0151012768,,0.0,4.0
0307265722,book_0307265722,,0.0,4.0
0061726168,book_0061726168,,0.0,4.0
0062071130,book_0062071130,,0.0,4.0
0060541830,book_0060541830,,0.0,4.0
0142196339,book_0142196339,,0.0,4.0
0141026154,book_0141026154,,0.0,4.0
0143118765,book_0143118765,,0.0,4.0
0062019740,book_0062019740,,0.0,4.0
0060194480,book_0060194480,,0.0,4.0
0060740450,book_0060740450,,0.0,4.0
0142428922,book_0142428922,,0.0,4.0
0060088613,book_0060088613,,0.0,4.0
0061706515,book_0061706515,,0.0,4.0
0061774472,book_0061774472,,0.0,4.0
0061051128,book_0061051128,,0.0,4.0
0091948479,book_0091948479,,0.0,4.0
0062103237,book_0062103237,,0.0,4.0
0141439688,book_0141439688,,0.0,4.0
0062326155,book_0062326155,,0.0,4.0
0061161535,book_0061161535,,0.0,4.0
0192835203,book_0192835203,,0.0,4.0
0062244876,book_0062244876,,0.0,4.0
0099466708,book_0099466708,,0.0,4.0
006078184X,book_006078184X,,0.0,4.0
0060548932,book_0060548932,,0.0,4.0
0062012010,book_0062012010,,0.0,4.0
0060789832,book_0060789832,,0.0,4.0
0062127373,book_0062127373,,0.0,4.0
0061582042,book_0061582042,,0.0,4.0
0060283246,book_0060283246,,0.0,4.0
0307360814,book_0307360814,,0.0,4.0
0062300709,book_0062300709,,0.0,4.0
0141301066,book_0141301066,,0.0,4.0
0099485311,book_0099485311,,0.0,4.0
0307269833,book_0307269833,,0.0,4.0
0099556316,book_0099556316,,0.0,4.0
0226805328,book_0226805328,,0.0,4.0
0062027794,book_0062027794,,0.0,4.0
0140115765,book_0140115765,,0.0,4.0
0007157150,book_0007157150,,0.0,4.0
0091797276,book_0091797276,,0.0,4.0
0060549416,book_0060549416,,0.0,4.0
0230108938,book_0230108938,,0.0,4.0
0143116177,book_0143116177,,0.0,4.0
0061341584,book_0061341584,,0.0,4.0
0061056006,book_0061056006,,0.0,4.0
0143058258,book_0143058258,,0.0,4.0
0071636080,book_0071636080,,0.0,4.0
0061054887,book_0061054887,,0.0,4.0
0091799759,book_0091799759,,0.0,4.0
0062047752,book_0062047752,,0.0,4.0
0140378278,book_0140378278,,0.0,4.0
0143145088,book_0143145088,,0.0,4.0
0131736299,book_0131736299,,0.0,4.0
0307453456,book_0307453456,,0.0,4.0
0062194100,book_0062194100,,0.0,4.0
0062135848,book_0062135848,,0.0,4.0
0140295933,book_0140295933,,0.0,4.0
0062274627,book_0062274627,,0.0,4.0
006100345X,book_006100345X,,0.0,4.0
0080548083,book_0080548083,,0.0,4.0
030680865X,book_030680865X,,0.0,4.0
0061143197,book_0061143197,,0.0,4.0
0060563893,book_0060563893,,0.0,4.0
0143036793,book_0143036793,,0.0,4.0
0143122711,book_0143122711,,0.0,4.0
0142180335,book_0142180335,,0.0,4.0
0061067121,book_0061067121,,0.0,4.0
0062221523,book_0062221523,,0.0,4.0
0141345713,book_0141345713,,0.0,4.0
0060086513,book_0060086513,,0.0,4.0
0142416835,book_0142416835,,0.0,4.0
0156186004,book_0156186004,,0.0,4.0
0140367020,book_0140367020,,0.0,4.0
009949308X,book_009949308X,,0.0,4.0
0061161640,book_0061161640,,0.0,4.0
0307451860,book_0307451860,,0.0,4.0
0061984035,book_0061984035,,0.0,4.0
006221635X,book_006221635X,,0.0,4.0
0061242993,book_0061242993,,0.0,4.0
0307476464,book_0307476464,,0.0,4.0
0062289357,book_0062289357,,0.0,4.0
0061549231,book_0061549231,,0.0,4.0
0151329168,book_0151329168,,0.0,4.0
0061567159,book_0061567159,,0.0,4.0
0151004293,book_0151004293,,0.0,4.0
030740515X,book_030740515X,,0.0,4.0
0141326085,book_0141326085,,0.0,4.0
0062059963,book_0062059963,,0.0,4.0
0061059072,book_0061059072,,0.0,4.0
0132347725,book_0132347725,,0.0,4.0
0307473740,book_0307473740,,0.0,4.0
0060882034,book_0060882034,,0.0,4.0
0142415138,book_0142415138,,0.0,4.0
0143112945,book_0143112945,,0.0,4.0
0061706558,book_0061706558,,0.0,4.0
0143115979,book_0143115979,,0.0,4.0
0061582034,book_0061582034,,0.0,4.0
0061535680,book_0061535680,,0.0,4.0
0141040580,book_0141040580,,0.0,4.0
0307266532,book_0307266532,,0.0,4.0
0132885948,book_0132885948,,0.0,4.0
0062279890,book_0062279890,,0.0,4.0
0140564349,book_0140564349,,0.0,4.0
0307269620,book_0307269620,,0.0,4.0
0142001414,book_0142001414,,0.0,4.0
0060760443,book_0060760443,,0.0,4.0
0062026488,book_0062026488,,0.0,4.0
0061779741,book_0061779741,,0.0,4.0
006180732X,book_006180732X,,0.0,4.0
0143143670,book_0143143670,,0.0,4.0
0061551821,book_0061551821,,0.0,4.0
0062198505,book_0062198505,,0.0,4.0
0064408191,book_0064408191,,0.0,4.0
0060214163,book_0060214163,,0.0,4.0
0307452956,book_0307452956,,0.0,4.0
0151014620,book_0151014620,,0.0,4.0
0060758880,book_0060758880,,0.0,4.0
006440577X,book_006440577X,,0.0,4.0
014044176X,book_014044176X,,0.0,4.0
0061006629,book_0061006629,,0.0,4.0
0062283235,book_0062283235,,0.0,4.0
0142428760,book_0142428760,,0.0,4.0
0307264955,book_0307264955,,0.0,4.0
0060956291,book_0060956291,,0.0,4.0
0061953385,book_0061953385,,0.0,4.0
0132383837,book_0132383837,,0.0,4.0
0060736054,book_0060736054,,0.0,4.0
0137153155,book_0137153155,,0.0,4.0
0140434275,book_0140434275,,0.0,4.0
0143034871,book_0143034871,,0.0,4.0
0060009241,book_0060009241,,0.0,4.0
015109179X,book_015109179X,,0.0,4.0
0061733997,book_0061733997,,0.0,4.0
0307274802,book_0307274802,,0.0,4.0
0141188936,book_0141188936,,0.0,4.0
0060725133,book_0060725133,,0.0,4.0
0307389251,book_0307389251,,0.0,4.0
0060934905,book_0060934905,,0.0,4.0
0062109391,book_0062109391,,0.0,4.0
0141026162,book_0141026162,,0.0,4.0
0066620414,book_0066620414,,0.0,4.0
006088570X,book_006088570X,,0.0,4.0
0143038281,book_0143038281,,0.0,4.0
0060935766,book_0060935766,,0.0,4.0
0060759836,book_0060759836,,0.0,4.0
0062220500,book_0062220500,,0.0,4.0
014131088X,book_014131088X,,0.0,4.0
0143119419,book_0143119419,,0.0,4.0
006143079X,book_006143079X,,0.0,4.0
0062015052,book_0062015052,,0.0,4.0
0099472287,book_0099472287,,0.0,4.0
0151301182,book_0151301182,,0.0,4.0
0140444300,book_0140444300,,0.0,4.0
0142417076,book_0142417076,,0.0,4.0
0060892382,book_0060892382,,0.0,4.0
0300061153,book_0300061153,,0.0,4.0
0060732482,book_0060732482,,0.0,4.0
0060890460,book_0060890460,,0.0,4.0
0307358666,book_0307358666,,0.0,4.0
0140185976,book_0140185976,,0.0,4.0
0307266931,book_0307266931,,0.0,4.0
0061900621,book_0061900621,,0.0,4.0
0198508034,book_0198508034,,0.0,4.0
0061239240,book_0061239240,,0.0,4.0
0061689904,book_0061689904,,0.0,4.0
0060185074,book_0060185074,,0.0,4.0
0060855029,book_0060855029,,0.0,4.0
014023828X,book_014023828X,,0.0,4.0
0061177598,book_0061177598,,0.0,4.0
0060826584,book_0060826584,,0.0,4.0
0152023887,book_0152023887,,0.0,4.0
0307275329,book_0307275329,,0.0,4.0
0156421178,book_0156421178,,0.0,4.0
0060852720,book_0060852720,,0.0,4.0
013702312X,book_013702312X,,0.0,4.0
0151012261,book_0151012261,,0.0,4.0
0070457336,book_0070457336,,0.0,4.0
0099448831,book_0099448831,,0.0,4.0
0307277887,book_0307277887,,0.0,4.0
0064401324,book_0064401324,,0.0,4.0
0132459582,book_0132459582,,0.0,4.0
0062073508,book_0062073508,,0.0,4.0
006188720X,book_006188720X,,0.0,4.0
0194791793,book_0194791793,,0.0,4.0
0061140511,book_0061140511,,0.0,4.0
0300088094,book_0300088094,,0.0,4.0
0141441089,book_0141441089,,0.0,4.0
0060817364,book_0060817364,,0.0,4.0
0060859806,book_0060859806,,0.0,4.0
0142004839,book_0142004839,,0.0,4.0
0062107550,book_0062107550,,0.0,4.0
006075186X,book_006075186X,,0.0,4.0
0061252727,book_0061252727,,0.0,4.0
0099994003,book_0099994003,,0.0,4.0
0061040347,book_0061040347,,0.0,4.0
0007149042,book_0007149042,,0.0,4.0
0156767902,book_0156767902,,0.0,4.0
0099494175,book_0099494175,,0.0,4.0
0060514957,book_0060514957,,0.0,4.0
0156005204,book_0156005204,,0.0,4.0
0156768070,book_0156768070,,0.0,4.0
0230108539,book_0230108539,,0.0,4.0
0306811596,book_0306811596,,0.0,4.0
0060509546,book_0060509546,,0.0,4.0
0064440346,book_0064440346,,0.0,4.0
0300080301,book_0300080301,,0.0,4.0
0062279203,book_0062279203,,0.0,4.0
0142004456,book_0142004456,,0.0,4.0
0061351423,book_0061351423,,0.0,4.0
0062237268,book_0062237268,,0.0,4.0
0061561029,book_0061561029,,0.0,4.0
0061875031,book_0061875031,,0.0,4.0
0307378403,book_0307378403,,0.0,4.0
0140250913,book_0140250913,,0.0,4.0
0061135879,book_0061135879,,0.0,4.0
0156005891,book_0156005891,,0.0,4.0
0061733148,book_0061733148,,0.0,4.0
0143036777,book_0143036777,,0.0,4.0
0307339262,book_0307339262,,0.0,4.0
0061857637,book_0061857637,,0.0,4.0
0307390926,book_0307390926,,0.0,4.0
0060541490,book_0060541490,,0.0,4.0
0152053409,book_0152053409,,0.0,4.0
015205085X,book_015205085X,,0.0,4.0
006016848X,book_006016848X,,0.0,4.0
0060521996,book_0060521996,,0.0,4.0
0099450259,book_0099450259,,0.0,4.0
006155474X,book_006155474X,,0.0,4.0
0062229311,book_0062229311,,0.0,4.0
0123749212,book_0123749212,,0.0,4.0
0061727830,book_0061727830,,0.0,4.0
0141014083,book_0141014083,,0.0,4.0
0151015228,book_0151015228,,0.0,4.0
0143116231,book_0143116231,,0.0,4.0
0061726826,book_0061726826,,0.0,4.0
0143120514,book_0143120514,,0.0,4.0
0062188267,book_0062188267,,0.0,4.0
0062306812,book_0062306812,,0.0,4.0
0061697168,book_0061697168,,0.0,4.0
0307276732,book_0307276732,,0.0,4.0
0064408655,book_0064408655,,0.0,4.0
0143123866,book_0143123866,,0.0,4.0
0306803178,book_0306803178,,0.0,4.0
0140249990,book_0140249990,,0.0,4.0
0061950718,book_0061950718,,0.0,4.0
0230609643,book_0230609643,,0.0,4.0
0060094893,book_0060094893,,0.0,4.0
0152051244,book_0152051244,,0.0,4.0
0060846208,book_0060846208,,0.0,4.0
0061020621,book_0061020621,,0.0,4.0
0061938327,book_0061938327,,0.0,4.0
0061945382,book_0061945382,,0.0,4.0
0304356875,book_0304356875,,0.0,4.0
0007147201,book_0007147201,,0.0,4.0
0061473790,book_0061473790,,0.0,4.0
0091869722,book_0091869722,,0.0,4.0
0061458589,book_0061458589,,0.0,4.0
0224063219,book_0224063219,,0.0,4.0
0132173255,book_0132173255,,0.0,4.0
0143115030,book_0143115030,,0.0,4.0
014242823X,book_014242823X,,0.0,4.0
0152063110,book_0152063110,,0.0,4.0
0061662585,book_0061662585,,0.0,4.0
0123748992,book_0123748992,,0.0,4.0
0062020161,book_0062020161,,0.0,4.0
0307353370,book_0307353370,,0.0,4.0
0062010964,book_0062010964,,0.0,4.0
0140442421,book_0140442421,,0.0,4.0
0062292250,book_0062292250,,0.0,4.0
0307269868,book_0307269868,,0.0,4.0
0062223879,book_0062223879,,0.0,4.0
0062082353,book_0062082353,,0.0,4.0
0062231359,book_0062231359,,0.0,4.0
0061951633,book_0061951633,,0.0,4.0
000720311X,book_000720311X,,0.0,4.0
0061120405,book_0061120405,,0.0,4.0
0199210705,book_0199210705,,0.0,4.0
0143035371,book_0143035371,,0.0,4.0
0061953407,book_0061953407,,0.0,4.0
0062081608,book_0062081608,,0.0,4.0
0195152948,book_0195152948,,0.0,4.0
0060517611,book_0060517611,,0.0,4.0
0002318075,book_0002318075,,0.0,4.0
0307389006,book_0307389006,,0.0,4.0
0140390103,book_0140390103,,0.0,4.0
0140293248,book_0140293248,,0.0,4.0
0133142868,book_0133142868,,0.0,4.0
0062228838,book_0062228838,,0.0,4.0
0142004227,book_0142004227,,0.0,4.0
0064472655,book_0064472655,,0.0,4.0
0061173703,book_0061173703,,0.0,4.0
0061626651,book_0061626651,,0.0,4.0
0137064446,book_0137064446,,0.0,4.0
0142437905,book_0142437905,,0.0,4.0
0061725897,book_0061725897,,0.0,4.0
0099476355,book_0099476355,,0.0,4.0
0060520590,book_0060520590,,0.0,4.0
0062107313,book_0062107313,,0.0,4.0
0060531088,book_0060531088,,0.0,4.0
0300119976,book_0300119976,,0.0,4.0
0060521228,book_0060521228,,0.0,4.0
0061002852,book_0061002852,,0.0,4.0
0195124820,book_0195124820,,0.0,4.0
0062241796,book_0062241796,,0.0,4.0
006166751X,book_006166751X,,0.0,4.0
0151013780,book_0151013780,,0.0,4.0
0061673390,book_0061673390,,0.0,4.0
0140390537,book_0140390537,,0.0,4.0
0142005126,book_0142005126,,0.0,4.0
0297850717,book_0297850717,,0.0,4.0
0060525274,book_0060525274,,0.0,4.0
0152066497,book_0152066497,,0.0,4.0
0061703257,book_0061703257,,0.0,4.0
0140294341,book_0140294341,,0.0,4.0
0307268284,book_0307268284,,0.0,4.0
0062088920,book_0062088920,,0.0,4.0
0060393556,book_0060393556,,0.0,4.0
006230755X,book_006230755X,,0.0,4.0
0060955457,book_0060955457,,0.0,4.0
0307277232,book_0307277232,,0.0,4.0
0062064584,book_0062064584,,0.0,4.0
0062258346,book_0062258346,,0.0,4.0
0307279049,book_0307279049,,0.0,4.0
006103097X,book_006103097X,,0.0,4.0
0143113704,book_0143113704,,0.0,4.0
0062336010,book_0062336010,,0.0,4.0
0300023731,book_0300023731,,0.0,4.0
0307386058,book_0307386058,,0.0,4.0
0062076078,book_0062076078,,0.0,4.0
0123877660,book_0123877660,,0.0,4.0
0071373586,book_0071373586,,0.0,4.0
0142405825,book_0142405825,,0.0,4.0
0195305221,book_0195305221,,0.0,4.0
0060563486,book_0060563486,,0.0,4.0
0027379108,book_0027379108,,0.0,4.0
006117422X,book_006117422X,,0.0,4.0
0061999695,book_0061999695,,0.0,4.0
0062069128,book_0062069128,,0.0,4.0
0143145010,book_0143145010,,0.0,4.0
0071472339,book_0071472339,,0.0,4.0
0060532181,book_0060532181,,0.0,4.0
0143038990,book_0143038990,,0.0,4.0
0240814711,book_0240814711,,0.0,4.0
0007115865,book_0007115865,,0.0,4.0
0140053166,book_0140053166,,0.0,4.0
0307273520,book_0307273520,,0.0,4.0
0061778184,book_0061778184,,0.0,4.0
0061962783,book_0061962783,,0.0,4.0
0061989185,book_0061989185,,0.0,4.0
0006550436,book_0006550436,,0.0,4.0
0062231405,book_0062231405,,0.0,4.0
0060195932,book_0060195932,,0.0,4.0
0307395987,book_0307395987,,0.0,4.0
0061689378,book_0061689378,,0.0,4.0
0143115049,book_0143115049,,0.0,4.0
0140115854,book_0140115854,,0.0,4.0
0062070185,book_0062070185,,0.0,4.0
0060560649,book_0060560649,,0.0,4.0
006095339X,book_006095339X,,0.0,4.0
0099303744,book_0099303744,,0.0,4.0
0307379205,book_0307379205,,0.0,4.0
0061829838,book_0061829838,,0.0,4.0
0140047166,book_0140047166,,0.0,4.0
0060931728,book_0060931728,,0.0,4.0
0062227157,book_0062227157,,0.0,4.0
0062203819,book_0062203819,,0.0,4.0
0060392827,book_0060392827,,0.0,4.0
0224081411,book_0224081411,,0.0,4.0
006447352X,book_006447352X,,0.0,4.0
0062271814,book_0062271814,,0.0,4.0
014318976X,book_014318976X,,0.0,4.0
0142501557,book_0142501557,,0.0,4.0
0143126687,book_0143126687,,0.0,4.0
0140444173,book_0140444173,,0.0,4.0
0099477572,book_0099477572,,0.0,4.0
0307387232,book_0307387232,,0.0,4.0
0307263169,book_0307263169,,0.0,4.0
0143057588,book_0143057588,,0.0,4.0
0151014671,book_0151014671,,0.0,4.0
0143122916,book_0143122916,,0.0,4.0
013306476X,book_013306476X,,0.0,4.0
0099478285,book_0099478285,,0.0,4.0
0151012385,book_0151012385,,0.0,4.0
0143105558,book_0143105558,,0.0,4.0
0132695243,book_0132695243,,0.0,4.0
0060760222,book_0060760222,,0.0,4.0
0143144243,book_0143144243,,0.0,4.0
0060090375,book_0060090375,,0.0,4.0
0142417483,book_0142417483,,0.0,4.0
0062026798,book_0062026798,,0.0,4.0
0091912652,book_0091912652,,0.0,4.0
006135158X,book_006135158X,,0.0,4.0
0307377946,book_0307377946,,0.0,4.0
014044050X,book_014044050X,,0.0,4.0
0062004786,book_0062004786,,0.0,4.0
0061632678,book_0061632678,,0.0,4.0
0141011203,book_0141011203,,0.0,4.0
0195622553,book_0195622553,,0.0,4.0
0143038559,book_0143038559,,0.0,4.0
0307474712,book_0307474712,,0.0,4.0
0140177361,book_0140177361,,0.0,4.0
0060789662,book_0060789662,,0.0,4.0
0140187510,book_0140187510,,0.0,4.0
0060930861,book_0060930861,,0.0,4.0
0195337115,book_0195337115,,0.0,4.0
0060536357,book_0060536357,,0.0,4.0
0061766089,book_0061766089,,0.0,4.0
0061584444,book_0061584444,,0.0,4.0
0143122649,book_0143122649,,0.0,4.0
0151014922,book_0151014922,,0.0,4.0
0240810708,book_0240810708,,0.0,4.0
0140448950,book_0140448950,,0.0,4.0
0061074292,book_0061074292,,0.0,4.0
0143142798,book_0143142798,,0.0,4.0
0307386171,book_0307386171,,0.0,4.0
0062206451,book_0062206451,,0.0,4.0
0142405701,book_0142405701,,0.0,4.0
0062065483,book_0062065483,,0.0,4.0
0060002050,book_0060002050,,0.0,4.0
0142400017,book_0142400017,,0.0,4.0
0091936810,book_0091936810,,0.0,4.0
0140443339,book_0140443339,,0.0,4.0
030747738X,book_030747738X,,0.0,4.0
0062101676,book_0062101676,,0.0,4.0
030726646X,book_030726646X,,0.0,4.0
0132849259,book_0132849259,,0.0,4.0
0061923036,book_0061923036,,0.0,4.0
0060826568,book_0060826568,,0.0,4.0
0142417394,book_0142417394,,0.0,4.0
0307278271,book_0307278271,,0.0,4.0
0064472558,book_0064472558,,0.0,4.0
0151012164,book_0151012164,,0.0,4.0
0143143131,book_0143143131,,0.0,4.0
014039012X,book_014039012X,,0.0,4.0
0307237877,book_0307237877,,0.0,4.0
0099481243,book_0099481243,,0.0,4.0
0307262839,book_0307262839,,0.0,4.0
0142002038,book_0142002038,,0.0,4.0
0252069412,book_0252069412,,0.0,4.0
0143058754,book_0143058754,,0.0,4.0
0060505540,book_0060505540,,0.0,4.0
0060828390,book_0060828390,,0.0,4.0
0064404455,book_0064404455,,0.0,4.0
0060589469,book_0060589469,,0.0,4.0
0307273563,book_0307273563,,0.0,4.0
0062279661,book_0062279661,,0.0,4.0
0152054456,book_0152054456,,0.0,4.0
0099491222,book_0099491222,,0.0,4.0
0099525259,book_0099525259,,0.0,4.0
0140501983,book_0140501983,,0.0,4.0
0062067753,book_0062067753,,0.0,4.0
0060778415,book_0060778415,,0.0,4.0
0143120980,book_0143120980,,0.0,4.0
0060723521,book_0060723521,,0.0,4.0
0143115685,book_0143115685,,0.0,4.0
0060085487,book_0060085487,,0.0,4.0
0132599686,book_0132599686,,0.0,4.0
0140620516,book_0140620516,,0.0,4.0
0140153225,book_0140153225,,0.0,4.0
0062118811,book_0062118811,,0.0,4.0
0060514930,book_0060514930,,0.0,4.0
0060781920,book_0060781920,,0.0,4.0
0060829699,book_0060829699,,0.0,4.0
0060394072,book_0060394072,,0.0,4.0
0062073923,book_0062073923,,0.0,4.0
0133115291,book_0133115291,,0.0,4.0
0307474607,book_0307474607,,0.0,4.0
006199930X,book_006199930X,,0.0,4.0
0143117297,book_0143117297,,0.0,4.0
0061238279,book_0061238279,,0.0,4.0
0060504196,book_0060504196,,0.0,4.0
0060762233,book_0060762233,,0.0,4.0
0061934364,book_0061934364,,0.0,4.0
0307456153,book_0307456153,,0.0,4.0
0062206745,book_0062206745,,0.0,4.0
0060737891,book_0060737891,,0.0,4.0
0060573775,book_0060573775,,0.0,4.0
0062248472,book_0062248472,,0.0,4.0
0307386155,book_0307386155,,0.0,4.0
0060563079,book_0060563079,,0.0,4.0
0143034359,book_0143034359,,0.0,4.0
0064400085,book_0064400085,,0.0,4.0
0307463559,book_0307463559,,0.0,4.0
0060742305,book_0060742305,,0.0,4.0
009950975X,book_009950975X,,0.0,4.0
014118213X,book_014118213X,,0.0,4.0
0140348107,book_0140348107,,0.0,4.0
0307263177,book_0307263177,,0.0,4.0
0061993999,book_0061993999,,0.0,4.0
0060936460,book_0060936460,,0.0,4.0
0143120549,book_0143120549,,0.0,4.0
0307271072,book_0307271072,,0.0,4.0
0140268863,book_0140268863,,0.0,4.0
0060566698,book_0060566698,,0.0,4.0
0141186356,book_0141186356,,0.0,4.0
0060856661,book_0060856661,,0.0,4.0
0195331079,book_0195331079,,0.0,4.0
0140022643,book_0140022643,,0.0,4.0
0061351520,book_0061351520,,0.0,4.0
0061996246,book_0061996246,,0.0,4.0
006207993X,book_006207993X,,0.0,4.0
0141301120,book_0141301120,,0.0,4.0
0141301058,book_0141301058,,0.0,4.0
0143117785,book_0143117785,,0.0,4.0
0062018930,book_0062018930,,0.0,4.0
0062003321,book_0062003321,,0.0,4.0
0143114808,book_0143114808,,0.0,4.0
0060924926,book_0060924926,,0.0,4.0
0060560428,book_0060560428,,0.0,4.0
0099447126,book_0099447126,,0.0,4.0
0307378195,book_0307378195,,0.0,4.0
0060544341,book_0060544341,,0.0,4.0
006114844X,book_006114844X,,0.0,4.0
0061057541,book_0061057541,,0.0,4.0
0061994057,book_0061994057,,0.0,4.0
0140077030,book_0140077030,,0.0,4.0
0061057649,book_0061057649,,0.0,4.0
0061964239,book_0061964239,,0.0,4.0
0062005855,book_0062005855,,0.0,4.0
030735346X,book_030735346X,,0.0,4.0
0240818814,book_0240818814,,0.0,4.0
0307406083,book_0307406083,,0.0,4.0
009956064X,book_009956064X,,0.0,4.0
014311381X,book_014311381X,,0.0,4.0
0123820227,book_0123820227,,0.0,4.0
0060762098,book_0060762098,,0.0,4.0
0143013742,book_0143013742,,0.0,4.0
0141185260,book_0141185260,,0.0,4.0
0140328742,book_0140328742,,0.0,4.0
0143117408,book_0143117408,,0.0,4.0
024081343X,book_024081343X,,0.0,4.0
0307393844,book_0307393844,,0.0,4.0
0061958050,book_0061958050,,0.0,4.0
0140272011,book_0140272011,,0.0,4.0
0060565284,book_0060565284,,0.0,4.0
0060544368,book_0060544368,,0.0,4.0
0141002050,book_0141002050,,0.0,4.0
0061251836,book_0061251836,,0.0,4.0
0026009102,book_0026009102,,0.0,4.0
0062240323,book_0062240323,,0.0,4.0
0142414867,book_0142414867,,0.0,4.0
0061783188,book_0061783188,,0.0,4.0
0060887354,book_0060887354,,0.0,4.0
0143105140,book_0143105140,,0.0,4.0
014312434X,book_014312434X,,0.0,4.0
0071386262,book_0071386262,,0.0,4.0
0199279349,book_0199279349,,0.0,4.0
0062115391,book_0062115391,,0.0,4.0
0141035005,book_0141035005,,0.0,4.0
0140185852,book_0140185852,,0.0,4.0
020530902X,book_020530902X,,0.0,4.0
0307269876,book_0307269876,,0.0,4.0
0060922532,book_0060922532,,0.0,4.0
0060740647,book_0060740647,,0.0,4.0
0143035355,book_0143035355,,0.0,4.0
0152019065,book_0152019065,,0.0,4.0
0306820188,book_0306820188,,0.0,4.0
0062025066,book_0062025066,,0.0,4.0
0140127925,book_0140127925,,0.0,4.0
0300108702,book_0300108702,,0.0,4.0
0061841358,book_0061841358,,0.0,4.0
0060779632,book_0060779632,,0.0,4.0
0140288503,book_0140288503,,0.0,4.0
0300096933,book_0300096933,,0.0,4.0
026216180X,book_026216180X,,0.0,4.0
006149416X,book_006149416X,,0.0,4.0
0064430227,book_0064430227,,0.0,4.0
014312420X,book_014312420X,,0.0,4.0
0192753924,book_0192753924,,0.0,4.0
0140165614,book_0140165614,,0.0,4.0
0062235656,book_0062235656,,0.0,4.0
0061905267,book_0061905267,,0.0,4.0
006196266X,book_006196266X,,0.0,4.0
0140280499,book_0140280499,,0.0,4.0
0140143459,book_0140143459,,0.0,4.0
0062216880,book_0062216880,,0.0,4.0
0140290214,book_0140290214,,0.0,4.0
0061131547,book_0061131547,,0.0,4.0
000724794X,book_000724794X,,0.0,4.0
0151707553,book_0151707553,,0.0,4.0
0142002798,book_0142002798,,0.0,4.0
0307268950,book_0307268950,,0.0,4.0
0143124048,book_0143124048,,0.0,4.0
0307264653,book_0307264653,,0.0,4.0
0061343498,book_0061343498,,0.0,4.0
0262611465,book_0262611465,,0.0,4.0
0091913616,book_0091913616,,0.0,4.0
0061583227,book_0061583227,,0.0,4.0
0156027607,book_0156027607,,0.0,4.0
0307377849,book_0307377849,,0.0,4.0
0061043559,book_0061043559,,0.0,4.0
0060798718,book_0060798718,,0.0,4.0
0062073699,book_0062073699,,0.0,4.0
0061922986,book_0061922986,,0.0,4.0
0061990558,book_0061990558,,0.0,4.0
0061099325,book_0061099325,,0.0,4.0
0143118862,book_0143118862,,0.0,4.0
0143036122,book_0143036122,,0.0,4.0
0230609104,book_0230609104,,0.0,4.0
0061067199,book_0061067199,,0.0,4.0
0131497863,book_0131497863,,0.0,4.0
030726999X,book_030726999X,,0.0,4.0
0061711527,book_0061711527,,0.0,4.0
0061031127,book_0061031127,,0.0,4.0
0060822503,book_0060822503,,0.0,4.0
0061233005,book_0061233005,,0.0,4.0
0060577398,book_0060577398,,0.0,4.0
0131465740,book_0131465740,,0.0,4.0
0062215671,book_0062215671,,0.0,4.0
0192830740,book_0192830740,,0.0,4.0
0142406635,book_0142406635,,0.0,4.0
0060093560,book_0060093560,,0.0,4.0
0140481931,book_0140481931,,0.0,4.0
0062204602,book_0062204602,,0.0,4.0
0151011419,book_0151011419,,0.0,4.0
0142002623,book_0142002623,,0.0,4.0
0061958794,book_0061958794,,0.0,4.0
0061961272,book_0061961272,,0.0,4.0
0061784796,book_0061784796,,0.0,4.0
0061727679,book_0061727679,,0.0,4.0
0061763144,book_0061763144,,0.0,4.0
0062023020,book_0062023020,,0.0,4.0
0006511252,book_0006511252,,0.0,4.0
0307378683,book_0307378683,,0.0,4.0
030728283X,book_030728283X,,0.0,4.0
006114343X,book_006114343X,,0.0,4.0
0060193638,book_0060193638,,0.0,4.0
0099244527,book_0099244527,,0.0,4.0
0140502343,book_0140502343,,0.0,4.0
0142402087,book_0142402087,,0.0,4.0
0061935085,book_0061935085,,0.0,4.0
0060587016,book_0060587016,,0.0,4.0
0230341845,book_0230341845,,0.0,4.0
0142408662,book_0142408662,,0.0,4.0
0061571369,book_0061571369,,0.0,4.0
0062270060,book_0062270060,,0.0,4.0
006206861X,book_006206861X,,0.0,4.0
0002311216,book_0002311216,,0.0,4.0
0151012741,book_0151012741,,0.0,4.0
0123850819,book_0123850819,,0.0,4.0
0307275639,book_0307275639,,0.0,4.0
0062272152,book_0062272152,,0.0,4.0
0140186794,book_0140186794,,0.0,4.0
0307460118,book_0307460118,,0.0,4.0
0140386882,book_0140386882,,0.0,4.0
0061002860,book_0061002860,,0.0,4.0
0062073168,book_0062073168,,0.0,4.0
0062083295,book_0062083295,,0.0,4.0
0143114131,book_0143114131,,0.0,4.0
0060977108,book_0060977108,,0.0,4.0
0143116770,book_0143116770,,0.0,4.0
0307270742,book_0307270742,,0.0,4.0
0143119915,book_0143119915,,0.0,4.0
0062130803,book_0062130803,,0.0,4.0
0071439188,book_0071439188,,0.0,4.0
006097771X,book_006097771X,,0.0,4.0
0061851817,book_0061851817,,0.0,4.0
0060738871,book_0060738871,,0.0,4.0
0143115693,book_0143115693,,0.0,4.0
006195876X,book_006195876X,,0.0,4.0
0061808776,book_0061808776,,0.0,4.0
0133095185,book_0133095185,,0.0,4.0
0060508183,book_0060508183,,0.0,4.0
0307279863,book_0307279863,,0.0,4.0
0061721794,book_0061721794,,0.0,4.0
0062025813,book_0062025813,,0.0,4.0
0240810899,book_0240810899,,0.0,4.0
0131855204,book_0131855204,,0.0,4.0
0062270486,book_0062270486,,0.0,4.0
0061448877,book_0061448877,,0.0,4.0
0062102273,book_0062102273,,0.0,4.0
0060630175,book_0060630175,,0.0,4.0
0240810287,book_0240810287,,0.0,4.0
0142402826,book_0142402826,,0.0,4.0
0307266648,book_0307266648,,0.0,4.0
0061986402,book_0061986402,,0.0,4.0
0140179836,book_0140179836,,0.0,4.0
0192838628,book_0192838628,,0.0,4.0
0061931411,book_0061931411,,0.0,4.0
0226653714,book_0226653714,,0.0,4.0
0061252786,book_0061252786,,0.0,4.0
0142500879,book_0142500879,,0.0,4.0
0060506652,book_0060506652,,0.0,4.0
0142422053,book_0142422053,,0.0,4.0
0062094661,book_0062094661,,0.0,4.0
0142427225,book_0142427225,,0.0,4.0
0142002585,book_0142002585,,0.0,4.0
0143118706,book_0143118706,,0.0,4.0
0141441585,book_0141441585,,0.0,4.0
0140097317,book_0140097317,,0.0,4.0
0061020257,book_0061020257,,0.0,4.0
030010989X,book_030010989X,,0.0,4.0
0060898933,book_0060898933,,0.0,4.0
0060083972,book_0060083972,,0.0,4.0
0048230782,book_0048230782,,0.0,4.0
0240810902,book_0240810902,,0.0,4.0
0240817176,book_0240817176,,0.0,4.0
0140177620,book_0140177620,,0.0,4.0
0240812131,book_0240812131,,0.0,4.0
006157662X,book_006157662X,,0.0,4.0
030740787X,book_030740787X,,0.0,4.0
0007231989,book_0007231989,,0.0,4.0
0061878251,book_0061878251,,0.0,4.0
0141439777,book_0141439777,,0.0,4.0
0061235164,book_0061235164,,0.0,4.0
0201149427,book_0201149427,,0.0,4.0
006017613X,book_006017613X,,0.0,4.0
0064402010,book_0064402010,,0.0,4.0
0140275657,book_0140275657,,0.0,4.0
0062009389,book_0062009389,,0.0,4.0
0061013412,book_0061013412,,0.0,4.0
0306817500,book_0306817500,,0.0,4.0
0061245097,book_0061245097,,0.0,4.0
0140285539,book_0140285539,,0.0,4.0
006166796X,book_006166796X,,0.0,4.0
0140444750,book_0140444750,,0.0,4.0
0060932872,book_0060932872,,0.0,4.0
0060001534,book_0060001534,,0.0,4.0
0240522168,book_0240522168,,0.0,4.0
0143121944,book_0143121944,,0.0,4.0
0240522044,book_0240522044,,0.0,4.0
0230769152,book_0230769152,,0.0,4.0
0062199552,book_0062199552,,0.0,4.0
0140014454,book_0140014454,,0.0,4.0
0060755806,book_0060755806,,0.0,4.0
0060560851,book_0060560851,,0.0,4.0
014218036X,book_014218036X,,0.0,4.0
0307461416,book_0307461416,,0.0,4.0
0151015201,book_0151015201,,0.0,4.0
007148499X,book_007148499X,,0.0,4.0
006198650X,book_006198650X,,0.0,4.0
0140159940,book_0140159940,,0.0,4.0
0062063073,book_0062063073,,0.0,4.0
0060094958,book_0060094958,,0.0,4.0
0195183428,book_0195183428,,0.0,4.0
0062135961,book_0062135961,,0.0,4.0
0060393408,book_0060393408,,0.0,4.0
0060976918,book_0060976918,,0.0,4.0
0143120360,book_0143120360,,0.0,4.0
0099523558,book_0099523558,,0.0,4.0
0061351326,book_0061351326,,0.0,4.0
0307406105,book_0307406105,,0.0,4.0
0060829621,book_0060829621,,0.0,4.0
006053916X,book_006053916X,,0.0,4.0
0099526409,book_0099526409,,0.0,4.0
0060537639,book_0060537639,,0.0,4.0
0062089064,book_0062089064,,0.0,4.0
0061056146,book_0061056146,,0.0,4.0
0061962686,book_0061962686,,0.0,4.0
0140284125,book_0140284125,,0.0,4.0
0156028808,book_0156028808,,0.0,4.0
0140058893,book_0140058893,,0.0,4.0
0061374040,book_0061374040,,0.0,4.0
0061996556,book_0061996556,,0.0,4.0
0142408301,book_0142408301,,0.0,4.0
0142424188,book_0142424188,,0.0,4.0
0062121758,book_0062121758,,0.0,4.0
0062194178,book_0062194178,,0.0,4.0
0062117858,book_0062117858,,0.0,4.0
0061472670,book_0061472670,,0.0,4.0
0061128678,book_0061128678,,0.0,4.0
0226020452,book_0226020452,,0.0,4.0
0061985864,book_0061985864,,0.0,4.0
0061771090,book_0061771090,,0.0,4.0
0143035835,book_0143035835,,0.0,4.0
0143119583,book_0143119583,,0.0,4.0
0151001006,book_0151001006,,0.0,4.0
0062069187,book_0062069187,,0.0,4.0
0060723467,book_0060723467,,0.0,4.0
0142412147,book_0142412147,,0.0,4.0
0062282662,book_0062282662,,0.0,4.0
0060875283,book_0060875283,,0.0,4.0
0142404306,book_0142404306,,0.0,4.0
0143118277,book_0143118277,,0.0,4.0
0307399125,book_0307399125,,0.0,4.0
0141301155,book_0141301155,,0.0,4.0
006018471X,book_006018471X,,0.0,4.0
0061445886,book_0061445886,,0.0,4.0
0061353841,book_0061353841,,0.0,4.0
0142004421,book_0142004421,,0.0,4.0
0061992194,book_0061992194,,0.0,4.0
0060757353,book_0060757353,,0.0,4.0
0061132381,book_0061132381,,0.0,4.0
006219447X,book_006219447X,,0.0,4.0
0062004018,book_0062004018,,0.0,4.0
0061137588,book_0061137588,,0.0,4.0
0142421952,book_0142421952,,0.0,4.0
0007489447,book_0007489447,,0.0,4.0
0060188707,book_0060188707,,0.0,4.0
0029123704,book_0029123704,,0.0,4.0
0307393992,book_0307393992,,0.0,4.0
0060526769,book_0060526769,,0.0,4.0
0143123939,book_0143123939,,0.0,4.0
0061015733,book_0061015733,,0.0,4.0
0062112031,book_0062112031,,0.0,4.0
0060539232,book_0060539232,,0.0,4.0
0195368347,book_0195368347,,0.0,4.0
0143113003,book_0143113003,,0.0,4.0
0143117475,book_0143117475,,0.0,4.0
0140434941,book_0140434941,,0.0,4.0
0140074481,book_0140074481,,0.0,4.0
000651412X,book_000651412X,,0.0,4.0
0307209830,book_0307209830,,0.0,4.0
0140189416,book_0140189416,,0.0,4.0
0061094129,book_0061094129,,0.0,4.0
0060298782,book_0060298782,,0.0,4.0
0062003992,book_0062003992,,0.0,4.0
0061434779,book_0061434779,,0.0,4.0
0061239542,book_0061239542,,0.0,4.0
0061364088,book_0061364088,,0.0,4.0
0060014156,book_0060014156,,0.0,4.0
006039417X,book_006039417X,,0.0,4.0
0061724882,book_0061724882,,0.0,4.0
0143038605,book_0143038605,,0.0,4.0
0061096962,book_0061096962,,0.0,4.0
0060798904,book_0060798904,,0.0,4.0
0140187952,book_0140187952,,0.0,4.0
0061688983,book_0061688983,,0.0,4.0
0061998699,book_0061998699,,0.0,4.0
0060797460,book_0060797460,,0.0,4.0
0060850523,book_0060850523,,0.0,4.0
0062207938,book_0062207938,,0.0,4.0
0123821029,book_0123821029,,0.0,4.0
014104022X,book_014104022X,,0.0,4.0
0307377385,book_0307377385,,0.0,4.0
006072403X,book_006072403X,,0.0,4.0
0061894443,book_0061894443,,0.0,4.0
0060878061,book_0060878061,,0.0,4.0
0142003077,book_0142003077,,0.0,4.0
0156011433,book_0156011433,,0.0,4.0
0141196041,book_0141196041,,0.0,4.0
0060872985,book_0060872985,,0.0,4.0
0061161497,book_0061161497,,0.0,4.0
0061137391,book_0061137391,,0.0,4.0
0061886394,book_0061886394,,0.0,4.0
0143118498,book_0143118498,,0.0,4.0
0143118188,book_0143118188,,0.0,4.0
0061582727,book_0061582727,,0.0,4.0
0061319295,book_0061319295,,0.0,4.0
0062077880,book_0062077880,,0.0,4.0
0062131834,book_0062131834,,0.0,4.0
0307460452,book_0307460452,,0.0,4.0
0152066438,book_0152066438,,0.0,4.0
0143116592,book_0143116592,,0.0,4.0
0307377482,book_0307377482,,0.0,4.0
0061733962,book_0061733962,,0.0,4.0
0131933868,book_0131933868,,0.0,4.0
014011291X,book_014011291X,,0.0,4.0
0062199803,book_0062199803,,0.0,4.0
0140150625,book_0140150625,,0.0,4.0
0141439653,book_0141439653,,0.0,4.0
0142001872,book_0142001872,,0.0,4.0
0240813472,book_0240813472,,0.0,4.0
0061583421,book_0061583421,,0.0,4.0
0140156046,book_0140156046,,0.0,4.0
0307268039,book_0307268039,,0.0,4.0
0142425990,book_0142425990,,0.0,4.0
0306815036,book_0306815036,,0.0,4.0
0140707107,book_0140707107,,0.0,4.0
0133101029,book_0133101029,,0.0,4.0
0062237152,book_0062237152,,0.0,4.0
0060092149,book_0060092149,,0.0,4.0
0307346382,book_0307346382,,0.0,4.0
0131860828,book_0131860828,,0.0,4.0
0195314638,book_0195314638,,0.0,4.0
0152054359,book_0152054359,,0.0,4.0
0307451569,book_0307451569,,0.0,4.0
0307379930,book_0307379930,,0.0,4.0
0140177388,book_0140177388,,0.0,4.0
0195038347,book_0195038347,,0.0,4.0
0151189781,book_0151189781,,0.0,4.0
0252068297,book_0252068297,,0.0,4.0
0061964549,book_0061964549,,0.0,4.0
0199858446,book_0199858446,,0.0,4.0
0062225065,book_0062225065,,0.0,4.0
0307379183,book_0307379183,,0.0,4.0
0151013039,book_0151013039,,0.0,4.0
0060652926,book_0060652926,,0.0,4.0
0230614000,book_0230614000,,0.0,4.0
0060820977,book_0060820977,,0.0,4.0
0143114956,book_0143114956,,0.0,4.0
0062231146,book_0062231146,,0.0,4.0
0060934700,book_0060934700,,0.0,4.0
0307464636,book_0307464636,,0.0,4.0
0007111509,book_0007111509,,0.0,4.0
006207153X,book_006207153X,,0.0,4.0
0060509325,book_0060509325,,0.0,4.0
0240814215,book_0240814215,,0.0,4.0
0143122673,book_0143122673,,0.0,4.0
006093574X,book_006093574X,,0.0,4.0
0062076116,book_0062076116,,0.0,4.0
006199779X,book_006199779X,,0.0,4.0
0060536705,book_0060536705,,0.0,4.0
0061771260,book_0061771260,,0.0,4.0
0060012234,book_0060012234,,0.0,4.0
0307460959,book_0307460959,,0.0,4.0
0060586370,book_0060586370,,0.0,4.0
0307266109,book_0307266109,,0.0,4.0
0061237620,book_0061237620,,0.0,4.0
0061928127,book_0061928127,,0.0,4.0
0142418498,book_0142418498,,0.0,4.0
0151011176,book_0151011176,,0.0,4.0
0061998532,book_0061998532,,0.0,4.0
0060670630,book_0060670630,,0.0,4.0
0140187081,book_0140187081,,0.0,4.0
0061965650,book_0061965650,,0.0,4.0
0307292134,book_0307292134,,0.0,4.0
0060937866,book_0060937866,,0.0,4.0
0060186372,book_0060186372,,0.0,4.0
0140440992,book_0140440992,,0.0,4.0
0142406597,book_0142406597,,0.0,4.0
0062045083,book_0062045083,,0.0,4.0
0099468387,book_0099468387,,0.0,4.0
0006371949,book_0006371949,,0.0,4.0
0143122150,book_0143122150,,0.0,4.0
0061284904,book_0061284904,,0.0,4.0
0192840908,book_0192840908,,0.0,4.0
0240819268,book_0240819268,,0.0,4.0
0062118692,book_0062118692,,0.0,4.0
0140366679,book_0140366679,,0.0,4.0
0061143480,book_0061143480,,0.0,4.0
0062271458,book_0062271458,,0.0,4.0
0062315757,book_0062315757,,0.0,4.0
0099534630,book_0099534630,,0.0,4.0
014312417X,book_014312417X,,0.0,4.0
0307475158,book_0307475158,,0.0,4.0
0007388160,book_0007388160,,0.0,4.0
0061747416,book_0061747416,,0.0,4.0
0061579130,book_0061579130,,0.0,4.0
0062034669,book_0062034669,,0.0,4.0
0060571993,book_0060571993,,0.0,4.0
0140255125,book_0140255125,,0.0,4.0
006209565X,book_006209565X,,0.0,4.0
0143123297,book_0143123297,,0.0,4.0
0060505869,book_0060505869,,0.0,4.0
0192835696,book_0192835696,,0.0,4.0
0141191538,book_0141191538,,0.0,4.0
0143038958,book_0143038958,,0.0,4.0
0060821809,book_0060821809,,0.0,4.0
0060585528,book_0060585528,,0.0,4.0
0060580674,book_0060580674,,0.0,4.0
030727263X,book_030727263X,,0.0,4.0
0061774464,book_0061774464,,0.0,4.0
0060936363,book_0060936363,,0.0,4.0
0123750288,book_0123750288,,0.0,4.0
0060838000,book_0060838000,,0.0,4.0
014240652X,book_014240652X,,0.0,4.0
0307275701,book_0307275701,,0.0,4.0
006177104X,book_006177104X,,0.0,4.0
0060598689,book_0060598689,,0.0,4.0
0062132717,book_0062132717,,0.0,4.0
0060586125,book_0060586125,,0.0,4.0
0143059173,book_0143059173,,0.0,4.0
0029109752,book_0029109752,,0.0,4.0
0060589280,book_0060589280,,0.0,4.0
0240522079,book_0240522079,,0.0,4.0
0062038028,book_0062038028,,0.0,4.0
0195370120,book_0195370120,,0.0,4.0
0137027737,book_0137027737,,0.0,4.0
0061772062,book_0061772062,,0.0,4.0
015603087X,book_015603087X,,0.0,4.0
0140158502,book_0140158502,,0.0,4.0
0240814851,book_0240814851,,0.0,4.0
0306812614,book_0306812614,,0.0,4.0
0007229682,book_0007229682,,0.0,4.0
0152010661,book_0152010661,,0.0,4.0
0007391595,book_0007391595,,0.0,4.0
0062088149,book_0062088149,,0.0,4.0
0062122681,book_0062122681,,0.0,4.0
0230744184,book_0230744184,,0.0,4.0
0061098027,book_0061098027,,0.0,4.0
0140441735,book_0140441735,,0.0,4.0
0061650927,book_0061650927,,0.0,4.0
0062060023,book_0062060023,,0.0,4.0
0137058306,book_0137058306,,0.0,4.0
0060577665,book_0060577665,,0.0,4.0
023076651X,book_023076651X,,0.0,4.0
0307271021,book_0307271021,,0.0,4.0
002863196X,book_002863196X,,0.0,4.0
0143105930,book_0143105930,,0.0,4.0
0061235881,book_0061235881,,0.0,4.0
0141043601,book_0141043601,,0.0,4.0
030746363X,book_030746363X,,0.0,4.0
0156031566,book_0156031566,,0.0,4.0
0060004622,book_0060004622,,0.0,4.0
0062299018,book_0062299018,,0.0,4.0
0140434925,book_0140434925,,0.0,4.0
0140145346,book_0140145346,,0.0,4.0
0060882077,book_0060882077,,0.0,4.0
0060197358,book_0060197358,,0.0,4.0
0060599804,book_0060599804,,0.0,4.0
0061710253,book_0061710253,,0.0,4.0
006227306X,book_006227306X,,0.0,4.0
0062135449,book_0062135449,,0.0,4.0
0156030594,book_0156030594,,0.0,4.0
0307270696,book_0307270696,,0.0,4.0
0062333038,book_0062333038,,0.0,4.0
013288884X,book_013288884X,,0.0,4.0
0062117661,book_0062117661,,0.0,4.0
0007157169,book_0007157169,,0.0,4.0
0060578424,book_0060578424,,0.0,4.0
0099462095,book_0099462095,,0.0,4.0
0061449156,book_0061449156,,0.0,4.0
0062236679,book_0062236679,,0.0,4.0
014023313X,book_014023313X,,0.0,4.0
0156007819,book_0156007819,,0.0,4.0
0306817837,book_0306817837,,0.0,4.0
0140298363,book_0140298363,,0.0,4.0
0062310070,book_0062310070,,0.0,4.0
0061906107,book_0061906107,,0.0,4.0
0060655275,book_0060655275,,0.0,4.0
0240814398,book_0240814398,,0.0,4.0
014044615X,book_014044615X,,0.0,4.0
0240814029,book_0240814029,,0.0,4.0
0199916357,book_0199916357,,0.0,4.0
006213308X,book_006213308X,,0.0,4.0
0141439602,book_0141439602,,0.0,4.0
0062117386,book_0062117386,,0.0,4.0
0140294392,book_0140294392,,0.0,4.0
0307246353,book_0307246353,,0.0,4.0
0062207628,book_0062207628,,0.0,4.0
0132485567,book_0132485567,,0.0,4.0
0133249263,book_0133249263,,0.0,4.0
0307279588,book_0307279588,,0.0,4.0
0060543256,book_0060543256,,0.0,4.0
0061059897,book_0061059897,,0.0,4.0
0060193689,book_0060193689,,0.0,4.0
0142437301,book_0142437301,,0.0,4.0
0062110780,book_0062110780,,0.0,4.0
0140298541,book_0140298541,,0.0,4.0
0070479046,book_0070479046,,0.0,4.0
0143120409,book_0143120409,,0.0,4.0
0131343041,book_0131343041,,0.0,4.0
0060145994,book_0060145994,,0.0,4.0
0061373486,book_0061373486,,0.0,4.0
0156032120,book_0156032120,,0.0,4.0
0062091565,book_0062091565,,0.0,4.0
0141188014,book_0141188014,,0.0,4.0
0060294655,book_0060294655,,0.0,4.0
0060155477,book_0060155477,,0.0,4.0
0261102664,book_0261102664,,0.0,4.0
014027927X,book_014027927X,,0.0,4.0
0141034173,book_0141034173,,0.0,4.0
006113029X,book_006113029X,,0.0,4.0
0061765791,book_0061765791,,0.0,4.0
0007230206,book_0007230206,,0.0,4.0
0061825891,book_0061825891,,0.0,4.0
0152055673,book_0152055673,,0.0,4.0
0060541431,book_0060541431,,0.0,4.0
0060977264,book_0060977264,,0.0,4.0
0060934484,book_0060934484,,0.0,4.0
0140296131,book_0140296131,,0.0,4.0
0307476014,book_0307476014,,0.0,4.0
0062284576,book_0062284576,,0.0,4.0
0201360802,book_0201360802,,0.0,4.0
023034187X,book_023034187X,,0.0,4.0
0061577650,book_0061577650,,0.0,4.0
0151005346,book_0151005346,,0.0,4.0
0061994936,book_0061994936,,0.0,4.0
0143121103,book_0143121103,,0.0,4.0
0062017314,book_0062017314,,0.0,4.0
0143038346,book_0143038346,,0.0,4.0
0141975652,book_0141975652,,0.0,4.0
0226567702,book_0226567702,,0.0,4.0
0132686058,book_0132686058,,0.0,4.0
0142001783,book_0142001783,,0.0,4.0
0091954053,book_0091954053,,0.0,4.0
0140282033,book_0140282033,,0.0,4.0
0071592067,book_0071592067,,0.0,4.0
0060852550,book_0060852550,,0.0,4.0
0140449337,book_0140449337,,0.0,4.0
0062187546,book_0062187546,,0.0,4.0
0143034901,book_0143034901,,0.0,4.0
0062127241,book_0062127241,,0.0,4.0
0062075918,book_0062075918,,0.0,4.0
015204566X,book_015204566X,,0.0,4.0
0142421715,book_0142421715,,0.0,4.0
0195002105,book_0195002105,,0.0,4.0
0143037102,book_0143037102,,0.0,4.0
0062025333,book_0062025333,,0.0,4.0
0140274065,book_0140274065,,0.0,4.0
0151006040,book_0151006040,,0.0,4.0
0230612652,book_0230612652,,0.0,4.0
0143036432,book_0143036432,,0.0,4.0
0062231316,book_0062231316,,0.0,4.0
0062270044,book_0062270044,,0.0,4.0
0307473147,book_0307473147,,0.0,4.0
014303703X,book_014303703X,,0.0,4.0
0060874376,book_0060874376,,0.0,4.0
0060540745,book_0060540745,,0.0,4.0
0143116622,book_0143116622,,0.0,4.0
0062293605,book_0062293605,,0.0,4.0
0061097853,book_0061097853,,0.0,4.0
0143114166,book_0143114166,,0.0,4.0
0060925779,book_0060925779,,0.0,4.0
0060766247,book_0060766247,,0.0,4.0
0307390462,book_0307390462,,0.0,4.0
0141301147,book_0141301147,,0.0,4.0
0061733199,book_0061733199,,0.0,4.0
0143114751,book_0143114751,,0.0,4.0
0143124447,book_0143124447,,0.0,4.0
0142003425,book_0142003425,,0.0,4.0
0195178238,book_0195178238,,0.0,4.0
006123138X,book_006123138X,,0.0,4.0
0061673048,book_0061673048,,0.0,4.0
0143125435,book_0143125435,,0.0,4.0
0061726885,book_0061726885,,0.0,4.0
0131486861,book_0131486861,,0.0,4.0
0075536498,book_0075536498,,0.0,4.0
0062202715,book_0062202715,,0.0,4.0
0060009225,book_0060009225,,0.0,4.0
0061755710,book_0061755710,,0.0,4.0
0060761407,book_0060761407,,0.0,4.0
0195090888,book_0195090888,,0.0,4.0
0140264450,book_0140264450,,0.0,4.0
0142412597,book_0142412597,,0.0,4.0
0140185151,book_0140185151,,0.0,4.0
0140868577,book_0140868577,,0.0,4.0
0060513640,book_0060513640,,0.0,4.0
0061563862,book_0061563862,,0.0,4.0
0142420980,book_0142420980,,0.0,4.0
0061054895,book_0061054895,,0.0,4.0
0142004774,book_0142004774,,0.0,4.0
014143984X,book_014143984X,,0.0,4.0
0307461440,book_0307461440,,0.0,4.0
0142427969,book_0142427969,,0.0,4.0
0061449121,book_0061449121,,0.0,4.0
0307476561,book_0307476561,,0.0,4.0
0060780924,book_0060780924,,0.0,4.0
0143142283,book_0143142283,,0.0,4.0
0062118722,book_0062118722,,0.0,4.0
0064408639,book_0064408639,,0.0,4.0
0061230987,book_0061230987,,0.0,4.0
0142406988,book_0142406988,,0.0,4.0
0061456853,book_0061456853,,0.0,4.0
0307379159,book_0307379159,,0.0,4.0
0061658197,book_0061658197,,0.0,4.0
0195300130,book_0195300130,,0.0,4.0
0140138862,book_0140138862,,0.0,4.0
0307275345,book_0307275345,,0.0,4.0
0062117181,book_0062117181,,0.0,4.0
0060525118,book_0060525118,,0.0,4.0
0060850574,book_0060850574,,0.0,4.0
0061341428,book_0061341428,,0.0,4.0
030724332X,book_030724332X,,0.0,4.0
0060670991,book_0060670991,,0.0,4.0
0060730552,book_0060730552,,0.0,4.0
0061967556,book_0061967556,,0.0,4.0
0061097861,book_0061097861,,0.0,4.0
0060761288,book_0060761288,,0.0,4.0
030737792X,book_030737792X,,0.0,4.0
0060149906,book_0060149906,,0.0,4.0
0240811763,book_0240811763,,0.0,4.0
006225734X,book_006225734X,,0.0,4.0
0060931736,book_0060931736,,0.0,4.0
0307270777,book_0307270777,,0.0,4.0
006224535X,book_006224535X,,0.0,4.0
0143034820,book_0143034820,,0.0,4.0
0307265749,book_0307265749,,0.0,4.0
0062237241,book_0062237241,,0.0,4.0
0140432108,book_0140432108,,0.0,4.0
0060817240,book_0060817240,,0.0,4.0
014750970X,book_014750970X,,0.0,4.0
0143114980,book_0143114980,,0.0,4.0
0061689335,book_0061689335,,0.0,4.0
0195307585,book_0195307585,,0.0,4.0
0143037900,book_0143037900,,0.0,4.0
0140065172,book_0140065172,,0.0,4.0
0060956852,book_0060956852,,0.0,4.0
0300043961,book_0300043961,,0.0,4.0
0307475468,book_0307475468,,0.0,4.0
0307582396,book_0307582396,,0.0,4.0
0300156472,book_0300156472,,0.0,4.0
0307387070,book_0307387070,,0.0,4.0
0060828757,book_0060828757,,0.0,4.0
0151014078,book_0151014078,,0.0,4.0
0062072226,book_0062072226,,0.0,4.0
0061059064,book_0061059064,,0.0,4.0
0062183591,book_0062183591,,0.0,4.0
0307271560,book_0307271560,,0.0,4.0
0307385868,book_0307385868,,0.0,4.0
0060929383,book_0060929383,,0.0,4.0
0143117564,book_0143117564,,0.0,4.0
0061375926,book_0061375926,,0.0,4.0
0060928972,book_0060928972,,0.0,4.0
0140504419,book_0140504419,,0.0,4.0
0240817877,book_0240817877,,0.0,4.0
0137085508,book_0137085508,,0.0,4.0
0142300926,book_0142300926,,0.0,4.0
0060152656,book_0060152656,,0.0,4.0
0307408965,book_0307408965,,0.0,4.0
0060849916,book_0060849916,,0.0,4.0
0061008303,book_0061008303,,0.0,4.0
0060086386,book_0060086386,,0.0,4.0
0062023586,book_0062023586,,0.0,4.0
0064472132,book_0064472132,,0.0,4.0
006075401X,book_006075401X,,0.0,4.0
014130636X,book_014130636X,,0.0,4.0
0061355445,book_0061355445,,0.0,4.0
0060191449,book_0060191449,,0.0,4.0
0143122185,book_0143122185,,0.0,4.0
0137021143,book_0137021143,,0.0,4.0
0062317458,book_0062317458,,0.0,4.0
0061915130,book_0061915130,,0.0,4.0
0151002517,book_0151002517,,0.0,4.0
0307351793,book_0307351793,,0.0,4.0
0060837381,book_0060837381,,0.0,4.0
0307477479,book_0307477479,,0.0,4.0
0132963035,book_0132963035,,0.0,4.0
0061477974,book_0061477974,,0.0,4.0
0062338323,book_0062338323,,0.0,4.0
0061894591,book_0061894591,,0.0,4.0
0060760958,book_0060760958,,0.0,4.0
0029303303,book_0029303303,,0.0,4.0
0062071165,book_0062071165,,0.0,4.0
0099244721,book_0099244721,,0.0,4.0
0061941026,book_0061941026,,0.0,4.0
0061628344,book_0061628344,,0.0,4.0
0091795796,book_0091795796,,0.0,4.0
0307275566,book_0307275566,,0.0,4.0
0062220683,book_0062220683,,0.0,4.0
0062021338,book_0062021338,,0.0,4.0
014303765X,book_014303765X,,0.0,4.0
0307446557,book_0307446557,,0.0,4.0
0061208515,book_0061208515,,0.0,4.0
0195304276,book_0195304276,,0.0,4.0
0061769525,book_0061769525,,0.0,4.0
0061985848,book_0061985848,,0.0,4.0
006199622X,book_006199622X,,0.0,4.0
0061728977,book_0061728977,,0.0,4.0
0156004801,book_0156004801,,0.0,4.0
006164837X,book_006164837X,,0.0,4.0
0025853503,book_0025853503,,0.0,4.0
0143116649,book_0143116649,,0.0,4.0
006111846X,book_006111846X,,0.0,4.0
0060987049,book_0060987049,,0.0,4.0
0307377903,book_0307377903,,0.0,4.0
0142421944,book_0142421944,,0.0,4.0
0062015702,book_0062015702,,0.0,4.0
0307394069,book_0307394069,,0.0,4.0
0061957933,book_0061957933,,0.0,4.0
006204964X,book_006204964X,,0.0,4.0
0140449590,book_0140449590,,0.0,4.0
0061143960,book_0061143960,,0.0,4.0
0307464539,book_0307464539,,0.0,4.0
0140286829,book_0140286829,,0.0,4.0
0240811747,book_0240811747,,0.0,4.0
0140367217,book_0140367217,,0.0,4.0
0307266206,book_0307266206,,0.0,4.0
0060973722,book_0060973722,,0.0,4.0
0061626848,book_0061626848,,0.0,4.0
0151006725,book_0151006725,,0.0,4.0
0143035304,book_0143035304,,0.0,4.0
014008505X,book_014008505X,,0.0,4.0
0156659751,book_0156659751,,0.0,4.0
0061122203,book_0061122203,,0.0,4.0
0140444335,book_0140444335,,0.0,4.0
006143857X,book_006143857X,,0.0,4.0
0140120904,book_0140120904,,0.0,4.0
006213468X,book_006213468X,,0.0,4.0
0062267043,book_0062267043,,0.0,4.0
0060853972,book_0060853972,,0.0,4.0
0143113283,book_0143113283,,0.0,4.0
014006768X,book_014006768X,,0.0,4.0
0060889934,book_0060889934,,0.0,4.0
0143124986,book_0143124986,,0.0,4.0
0195397932,book_0195397932,,0.0,4.0
0307269183,book_0307269183,,0.0,4.0
0140070206,book_0140070206,,0.0,4.0
0061998850,book_0061998850,,0.0,4.0
0151014477,book_0151014477,,0.0,4.0
006079528X,book_006079528X,,0.0,4.0
0151011249,book_0151011249,,0.0,4.0
0230619932,book_0230619932,,0.0,4.0
0240521870,book_0240521870,,0.0,4.0
0060898623,book_0060898623,,0.0,4.0
0060540478,book_0060540478,,0.0,4.0
014241672X,book_014241672X,,0.0,4.0
0024288101,book_0024288101,,0.0,4.0
000766141X,book_000766141X,,0.0,4.0
0060083956,book_0060083956,,0.0,4.0
0307460681,book_0307460681,,0.0,4.0
030727828X,book_030727828X,,0.0,4.0
0142417297,book_0142417297,,0.0,4.0
0140422072,book_0140422072,,0.0,4.0
0142419745,book_0142419745,,0.0,4.0
0060084383,book_0060084383,,0.0,4.0
0143116533,book_0143116533,,0.0,4.0
0062279971,book_0062279971,,0.0,4.0
0060932813,book_0060932813,,0.0,4.0
0156767503,book_0156767503,,0.0,4.0
0060391685,book_0060391685,,0.0,4.0
0060082070,book_0060082070,,0.0,4.0
0141802472,book_0141802472,,0.0,4.0
0007436629,book_0007436629,,0.0,4.0
0143116517,book_0143116517,,0.0,4.0
0061231401,book_0061231401,,0.0,4.0
0060291702,book_0060291702,,0.0,4.0
0142414360,book_0142414360,,0.0,4.0
0060976845,book_0060976845,,0.0,4.0
0195124995,book_0195124995,,0.0,4.0
0061229687,book_0061229687,,0.0,4.0
0061230936,book_0061230936,,0.0,4.0
0061964204,book_0061964204,,0.0,4.0
0060938099,book_0060938099,,0.0,4.0
0151006849,book_0151006849,,0.0,4.0
0142421901,book_0142421901,,0.0,4.0
0142407577,book_0142407577,,0.0,4.0
0061020664,book_0061020664,,0.0,4.0
0099288850,book_0099288850,,0.0,4.0
0061706353,book_0061706353,,0.0,4.0
0062197258,book_0062197258,,0.0,4.0
0156004011,book_0156004011,,0.0,4.0
0060929081,book_0060929081,,0.0,4.0
0195167767,book_0195167767,,0.0,4.0
0240521587,book_0240521587,,0.0,4.0
0151011958,book_0151011958,,0.0,4.0
0142418889,book_0142418889,,0.0,4.0
0002226618,book_0002226618,,0.0,4.0
0140157344,book_0140157344,,0.0,4.0
0143037757,book_0143037757,,0.0,4.0
0060984333,book_0060984333,,0.0,4.0
0062068601,book_0062068601,,0.0,4.0
0230015964,book_0230015964,,0.0,4.0
0062021737,book_0062021737,,0.0,4.0
015201246X,book_015201246X,,0.0,4.0
006204978X,book_006204978X,,0.0,4.0
0195374622,book_0195374622,,0.0,4.0
014311526X,book_014311526X,,0.0,4.0
0307341747,book_0307341747,,0.0,4.0
014241560X,book_014241560X,,0.0,4.0
0060899190,book_0060899190,,0.0,4.0
0143142399,book_0143142399,,0.0,4.0
0007190042,book_0007190042,,0.0,4.0
0142418528,book_0142418528,,0.0,4.0
0307263118,book_0307263118,,0.0,4.0
0307275981,book_0307275981,,0.0,4.0
0060734108,book_0060734108,,0.0,4.0
0307120007,book_0307120007,,0.0,4.0
0140099212,book_0140099212,,0.0,4.0
0143038044,book_0143038044,,0.0,4.0
0062218964,book_0062218964,,0.0,4.0
0062242717,book_0062242717,,0.0,4.0
0062273280,book_0062273280,,0.0,4.0
0307389812,book_0307389812,,0.0,4.0
0140187464,book_0140187464,,0.0,4.0
0140282025,book_0140282025,,0.0,4.0
0060885599,book_0060885599,,0.0,4.0
0060098902,book_0060098902,,0.0,4.0
0230707696,book_0230707696,,0.0,4.0
0143036211,book_0143036211,,0.0,4.0
0062208985,book_0062208985,,0.0,4.0
0231138709,book_0231138709,,0.0,4.0
006176826X,book_006176826X,,0.0,4.0
0062048503,book_0062048503,,0.0,4.0
0071494936,book_0071494936,,0.0,4.0
0061926515,book_0061926515,,0.0,4.0
0061808148,book_0061808148,,0.0,4.0
0151012784,book_0151012784,,0.0,4.0
0307379086,book_0307379086,,0.0,4.0
0060296410,book_0060296410,,0.0,4.0
0061735868,book_0061735868,,0.0,4.0
0061547751,book_0061547751,,0.0,4.0
0140449175,book_0140449175,,0.0,4.0
0307284050,book_0307284050,,0.0,4.0
0240813375,book_0240813375,,0.0,4.0
0141019646,book_0141019646,,0.0,4.0
0061432962,book_0061432962,,0.0,4.0
0140448942,book_0140448942,,0.0,4.0
0142401668,book_0142401668,,0.0,4.0
0140274960,book_0140274960,,0.0,4.0
0307475255,book_0307475255,,0.0,4.0
0099526832,book_0099526832,,0.0,4.0
0141035676,book_0141035676,,0.0,4.0
0061132179,book_0061132179,,0.0,4.0
0061340758,book_0061340758,,0.0,4.0
0060780940,book_0060780940,,0.0,4.0
0064472272,book_0064472272,,0.0,4.0
0143115421,book_0143115421,,0.0,4.0
0060505931,book_0060505931,,0.0,4.0
0140274782,book_0140274782,,0.0,4.0
0152046925,book_0152046925,,0.0,4.0
0060597291,book_0060597291,,0.0,4.0
0061896454,book_0061896454,,0.0,4.0
0192810898,book_0192810898,,0.0,4.0
0061474096,book_0061474096,,0.0,4.0
0061567965,book_0061567965,,0.0,4.0
0262014866,book_0262014866,,0.0,4.0
0071626166,book_0071626166,,0.0,4.0
0060528079,book_0060528079,,0.0,4.0
0141001682,book_0141001682,,0.0,4.0
0199576866,book_0199576866,,0.0,4.0
0140366792,book_0140366792,,0.0,4.0
0060923342,book_0060923342,,0.0,4.0
0140433139,book_0140433139,,0.0,4.0
0061926183,book_0061926183,,0.0,4.0
006223126X,book_006223126X,,0.0,4.0
0061721816,book_0061721816,,0.0,4.0
0061098361,book_0061098361,,0.0,4.0
0060752998,book_0060752998,,0.0,4.0
0061826987,book_0061826987,,0.0,4.0
014024980X,book_014024980X,,0.0,4.0
0143036629,book_0143036629,,0.0,4.0
006143440X,book_006143440X,,0.0,4.0
0199116903,book_0199116903,,0.0,4.0
0143124064,book_0143124064,,0.0,4.0
0061707805,book_0061707805,,0.0,4.0
0061340782,book_0061340782,,0.0,4.0
0307263673,book_0307263673,,0.0,4.0
0140292594,book_0140292594,,0.0,4.0
024081178X,book_024081178X,,0.0,4.0
030738604X,book_030738604X,,0.0,4.0
0060778660,book_0060778660,,0.0,4.0
0061958867,book_0061958867,,0.0,4.0
0099449838,book_0099449838,,0.0,4.0
0060937645,book_0060937645,,0.0,4.0
0025236601,book_0025236601,,0.0,4.0
0060929839,book_0060929839,,0.0,4.0
0062291408,book_0062291408,,0.0,4.0
0060908548,book_0060908548,,0.0,4.0
0307353486,book_0307353486,,0.0,4.0
0064473783,book_0064473783,,0.0,4.0
0143101226,book_0143101226,,0.0,4.0
0137009720,book_0137009720,,0.0,4.0
015101082X,book_015101082X,,0.0,4.0
0151004498,book_0151004498,,0.0,4.0
0007240198,book_0007240198,,0.0,4.0
0062554468,book_0062554468,,0.0,4.0
0307452999,book_0307452999,,0.0,4.0
0143057340,book_0143057340,,0.0,4.0
0142406252,book_0142406252,,0.0,4.0
0306815575,book_0306815575,,0.0,4.0
0142302376,book_0142302376,,0.0,4.0
0151010404,book_0151010404,,0.0,4.0
0060096861,book_0060096861,,0.0,4.0
0143122258,book_0143122258,,0.0,4.0
0142410977,book_0142410977,,0.0,4.0
015600710X,book_015600710X,,0.0,4.0
0140256407,book_0140256407,,0.0,4.0
0062225308,book_0062225308,,0.0,4.0
006114665X,book_006114665X,,0.0,4.0
0307388751,book_0307388751,,0.0,4.0
0062027190,book_0062027190,,0.0,4.0
0061120723,book_0061120723,,0.0,4.0
0195398653,book_0195398653,,0.0,4.0
0143113828,book_0143113828,,0.0,4.0
0062105620,book_0062105620,,0.0,4.0
0137147783,book_0137147783,,0.0,4.0
0060747692,book_0060747692,,0.0,4.0
014312451X,book_014312451X,,0.0,4.0
0137072066,book_0137072066,,0.0,4.0
0060557567,book_0060557567,,0.0,4.0
006166152X,book_006166152X,,0.0,4.0
0300095317,book_0300095317,,0.0,4.0
0062107828,book_0062107828,,0.0,4.0
0061673447,book_0061673447,,0.0,4.0
0061186473,book_0061186473,,0.0,4.0
0061491004,book_0061491004,,0.0,4.0
0061966843,book_0061966843,,0.0,4.0
0061233501,book_0061233501,,0.0,4.0
013708109X,book_013708109X,,0.0,4.0
0061824747,book_0061824747,,0.0,4.0
0061142840,book_0061142840,,0.0,4.0
006113189X,book_006113189X,,0.0,4.0
0060958022,book_0060958022,,0.0,4.0
0061583219,book_0061583219,,0.0,4.0
006083482X,book_006083482X,,0.0,4.0
0099478374,book_0099478374,,0.0,4.0
0137052642,book_0137052642,,0.0,4.0
0142411191,book_0142411191,,0.0,4.0
0062244906,book_0062244906,,0.0,4.0
0099271478,book_0099271478,,0.0,4.0
0195003454,book_0195003454,,0.0,4.0
006251184X,book_006251184X,,0.0,4.0
0061252573,book_0061252573,,0.0,4.0
0061778761,book_0061778761,,0.0,4.0
0143117963,book_0143117963,,0.0,4.0
0060655186,book_0060655186,,0.0,4.0
0062060988,book_0062060988,,0.0,4.0
0226500624,book_0226500624,,0.0,4.0
0064472051,book_0064472051,,0.0,4.0
006121468X,book_006121468X,,0.0,4.0
0099452243,book_0099452243,,0.0,4.0
014219672X,book_014219672X,,0.0,4.0
0061852716,book_0061852716,,0.0,4.0
0307453405,book_0307453405,,0.0,4.0
029764680X,book_029764680X,,0.0,4.0
0060824972,book_0060824972,,0.0,4.0
0060809248,book_0060809248,,0.0,4.0
0141034599,book_0141034599,,0.0,4.0
0007367759,book_0007367759,,0.0,4.0
0262612089,book_0262612089,,0.0,4.0
0141305959,book_0141305959,,0.0,4.0
0061895067,book_0061895067,,0.0,4.0
0060278226,book_0060278226,,0.0,4.0
006172162X,book_006172162X,,0.0,4.0
0060583045,book_0060583045,,0.0,4.0
0060248122,book_0060248122,,0.0,4.0
0062113372,book_0062113372,,0.0,4.0
0061241083,book_0061241083,,0.0,4.0
0061671304,book_0061671304,,0.0,4.0
0156034336,book_0156034336,,0.0,4.0
0062078011,book_0062078011,,0.0,4.0
0099561832,book_0099561832,,0.0,4.0
006000679X,book_006000679X,,0.0,4.0
0140262156,book_0140262156,,0.0,4.0
0061726834,book_0061726834,,0.0,4.0
012375030X,book_012375030X,,0.0,4.0
0152065709,book_0152065709,,0.0,4.0
0199216614,book_0199216614,,0.0,4.0
0062059939,book_0062059939,,0.0,4.0
0123849195,book_0123849195,,0.0,4.0
0030108063,book_0030108063,,0.0,4.0
0199922667,book_0199922667,,0.0,4.0
0143119974,book_0143119974,,0.0,4.0
0304352314,book_0304352314,,0.0,4.0
0062085573,book_0062085573,,0.0,4.0
0060840919,book_0060840919,,0.0,4.0
0123747155,book_0123747155,,0.0,4.0
0143116304,book_0143116304,,0.0,4.0
0142437875,book_0142437875,,0.0,4.0
0061939897,book_0061939897,,0.0,4.0
0061007137,book_0061007137,,0.0,4.0
0062107763,book_0062107763,,0.0,4.0
0060987014,book_0060987014,,0.0,4.0
0142416479,book_0142416479,,0.0,4.0
0062071076,book_0062071076,,0.0,4.0
0140248927,book_0140248927,,0.0,4.0
006091307X,book_006091307X,,0.0,4.0
006166927X,book_006166927X,,0.0,4.0
0062087797,book_0062087797,,0.0,4.0
0199759898,book_0199759898,,0.0,4.0
0174434901,book_0174434901,,0.0,4.0
0060817089,book_0060817089,,0.0,4.0
0062223127,book_0062223127,,0.0,4.0
0061797081,book_0061797081,,0.0,4.0
0061733970,book_0061733970,,0.0,4.0
0007274572,book_0007274572,,0.0,4.0
0140445455,book_0140445455,,0.0,4.0
0007154615,book_0007154615,,0.0,4.0
0143035452,book_0143035452,,0.0,4.0
0007217110,book_0007217110,,0.0,4.0
0297646206,book_0297646206,,0.0,4.0
0060725125,book_0060725125,,0.0,4.0
0140284095,book_0140284095,,0.0,4.0
0061852058,book_0061852058,,0.0,4.0
0143117955,book_0143117955,,0.0,4.0
0142408670,book_0142408670,,0.0,4.0
0307290468,book_0307290468,,0.0,4.0
0142302082,book_0142302082,,0.0,4.0
0007382227,book_0007382227,,0.0,4.0
0137047983,book_0137047983,,0.0,4.0
0156260255,book_0156260255,,0.0,4.0
0147509963,book_0147509963,,0.0,4.0
0195159543,book_0195159543,,0.0,4.0
0307458857,book_0307458857,,0.0,4.0
0062077309,book_0062077309,,0.0,4.0
0060737298,book_0060737298,,0.0,4.0
0226469360,book_0226469360,,0.0,4.0
0061900605,book_0061900605,,0.0,4.0
0307388468,book_0307388468,,0.0,4.0
014043268X,book_014043268X,,0.0,4.0
0252023811,book_0252023811,,0.0,4.0
0142180823,book_0142180823,,0.0,4.0
0060539070,book_0060539070,,0.0,4.0
0143114093,book_0143114093,,0.0,4.0
0060004606,book_0060004606,,0.0,4.0
0060972777,book_0060972777,,0.0,4.0
0306821990,book_0306821990,,0.0,4.0
0007254008,book_0007254008,,0.0,4.0
0060925000,book_0060925000,,0.0,4.0
006222560X,book_006222560X,,0.0,4.0
0060819367,book_0060819367,,0.0,4.0
0195037944,book_0195037944,,0.0,4.0
014034893X,book_014034893X,,0.0,4.0
0061375381,book_0061375381,,0.0,4.0
0151005001,book_0151005001,,0.0,4.0
0226458083,book_0226458083,,0.0,4.0
0061797057,book_0061797057,,0.0,4.0
0307387828,book_0307387828,,0.0,4.0
006209453X,book_006209453X,,0.0,4.0
0061799319,book_0061799319,,0.0,4.0
0060198303,book_0060198303,,0.0,4.0
0137039743,book_0137039743,,0.0,4.0
0060273224,book_0060273224,,0.0,4.0
0143122614,book_0143122614,,0.0,4.0
0061554774,book_0061554774,,0.0,4.0
0140440755,book_0140440755,,0.0,4.0
0062190423,book_0062190423,,0.0,4.0
0061547859,book_0061547859,,0.0,4.0
015201800X,book_015201800X,,0.0,4.0
0142401137,book_0142401137,,0.0,4.0
0060958073,book_0060958073,,0.0,4.0
0061824550,book_0061824550,,0.0,4.0
0224093908,book_0224093908,,0.0,4.0
0143124862,book_0143124862,,0.0,4.0
006074815X,book_006074815X,,0.0,4.0
0142427772,book_0142427772,,0.0,4.0
0062071246,book_0062071246,,0.0,4.0
0060012358,book_0060012358,,0.0,4.0
0060561181,book_0060561181,,0.0,4.0
0062100033,book_0062100033,,0.0,4.0
0241970253,book_0241970253,,0.0,4.0
0061956996,book_0061956996,,0.0,4.0
0060006633,book_0060006633,,0.0,4.0
0137065078,book_0137065078,,0.0,4.0
0061974617,book_0061974617,,0.0,4.0
0062025325,book_0062025325,,0.0,4.0
0060392452,book_0060392452,,0.0,4.0
0307272761,book_0307272761,,0.0,4.0
0062012614,book_0062012614,,0.0,4.0
0061734047,book_0061734047,,0.0,4.0
0099460920,book_0099460920,,0.0,4.0
0061136158,book_0061136158,,0.0,4.0
0307381757,book_0307381757,,0.0,4.0
024081309X,book_024081309X,,0.0,4.0
0152063765,book_0152063765,,0.0,4.0
0306818809,book_0306818809,,0.0,4.0
0007198876,book_0007198876,,0.0,4.0
0300083408,book_0300083408,,0.0,4.0
006028935X,book_006028935X,,0.0,4.0
0132823497,book_0132823497,,0.0,4.0
0140187448,book_0140187448,,0.0,4.0
0061766690,book_0061766690,,0.0,4.0
0060085495,book_0060085495,,0.0,4.0
0140170987,book_0140170987,,0.0,4.0
0062118196,book_0062118196,,0.0,4.0
0307390489,book_0307390489,,0.0,4.0
0143118579,book_0143118579,,0.0,4.0
0307275167,book_0307275167,,0.0,4.0
0061667854,book_0061667854,,0.0,4.0
0062073125,book_0062073125,,0.0,4.0
0060570059,book_0060570059,,0.0,4.0
0192853597,book_0192853597,,0.0,4.0
0099255197,book_0099255197,,0.0,4.0
0060781319,book_0060781319,,0.0,4.0
0061020680,book_0061020680,,0.0,4.0
0062068660,book_0062068660,,0.0,4.0
0007156588,book_0007156588,,0.0,4.0
0061924075,book_0061924075,,0.0,4.0
0060899735,book_0060899735,,0.0,4.0
0140243046,book_0140243046,,0.0,4.0
0060878134,book_0060878134,,0.0,4.0
0143124501,book_0143124501,,0.0,4.0
013324783X,book_013324783X,,0.0,4.0
0061240397,book_0061240397,,0.0,4.0
0060878207,book_0060878207,,0.0,4.0
0061875724,book_0061875724,,0.0,4.0
0061236225,book_0061236225,,0.0,4.0
0143125427,book_0143125427,,0.0,4.0
0060731303,book_0060731303,,0.0,4.0
0060763035,book_0060763035,,0.0,4.0
0151015155,book_0151015155,,0.0,4.0
0142412090,book_0142412090,,0.0,4.0
0307477401,book_0307477401,,0.0,4.0
0143112627,book_0143112627,,0.0,4.0
0060915331,book_0060915331,,0.0,4.0
0099436760,book_0099436760,,0.0,4.0
0307386775,book_0307386775,,0.0,4.0
0307346943,book_0307346943,,0.0,4.0
014303586X,book_014303586X,,0.0,4.0
0060734000,book_0060734000,,0.0,4.0
0132281287,book_0132281287,,0.0,4.0
0062229036,book_0062229036,,0.0,4.0
0061235903,book_0061235903,,0.0,4.0
0307265803,book_0307265803,,0.0,4.0
0060005556,book_0060005556,,0.0,4.0
0061432687,book_0061432687,,0.0,4.0
0099200910,book_0099200910,,0.0,4.0
006208898X,book_006208898X,,0.0,4.0
0064408663,book_0064408663,,0.0,4.0
0140007695,book_0140007695,,0.0,4.0
0142415251,book_0142415251,,0.0,4.0
0060735430,book_0060735430,,0.0,4.0
0007430671,book_0007430671,,0.0,4.0
0143112341,book_0143112341,,0.0,4.0
0062235672,book_0062235672,,0.0,4.0
014004020X,book_014004020X,,0.0,4.0
0060527331,book_0060527331,,0.0,4.0
0307378209,book_0307378209,,0.0,4.0
0062203215,book_0062203215,,0.0,4.0
0140250948,book_0140250948,,0.0,4.0
0060754338,book_0060754338,,0.0,4.0
0142180351,book_0142180351,,0.0,4.0
0060006617,book_0060006617,,0.0,4.0
0060556935,book_0060556935,,0.0,4.0
006230528X,book_006230528X,,0.0,4.0
0061432733,book_0061432733,,0.0,4.0
0061579033,book_0061579033,,0.0,4.0
0143124935,book_0143124935,,0.0,4.0
0060556943,book_0060556943,,0.0,4.0
0142001198,book_0142001198,,0.0,4.0
0099528274,book_0099528274,,0.0,4.0
0307409120,book_0307409120,,0.0,4.0
0060092939,book_0060092939,,0.0,4.0
0230613675,book_0230613675,,0.0,4.0
0061351601,book_0061351601,,0.0,4.0
0156226006,book_0156226006,,0.0,4.0
0062219340,book_0062219340,,0.0,4.0
015101292X,book_015101292X,,0.0,4.0
0140256350,book_0140256350,,0.0,4.0
0307277097,book_0307277097,,0.0,4.0
014241011X,book_014241011X,,0.0,4.0
0151014361,book_0151014361,,0.0,4.0
0061728276,book_0061728276,,0.0,4.0
006001203X,book_006001203X,,0.0,4.0
006009334X,book_006009334X,,0.0,4.0
0140383948,book_0140383948,,0.0,4.0
0062060554,book_0062060554,,0.0,4.0
0140296271,book_0140296271,,0.0,4.0
0062107534,book_0062107534,,0.0,4.0
0060507322,book_0060507322,,0.0,4.0
0143112422,book_0143112422,,0.0,4.0
0307406342,book_0307406342,,0.0,4.0
0062117432,book_0062117432,,0.0,4.0
0300084293,book_0300084293,,0.0,4.0
0061335290,book_0061335290,,0.0,4.0
0195181212,book_0195181212,,0.0,4.0
0060765380,book_0060765380,,0.0,4.0
0080971148,book_0080971148,,0.0,4.0
0062073982,book_0062073982,,0.0,4.0
0142300853,book_0142300853,,0.0,4.0
0060793538,book_0060793538,,0.0,4.0
0061724750,book_0061724750,,0.0,4.0
0061340650,book_0061340650,,0.0,4.0
0140434011,book_0140434011,,0.0,4.0
0060082194,book_0060082194,,0.0,4.0
006222543X,book_006222543X,,0.0,4.0
0140540563,book_0140540563,,0.0,4.0
0099481685,book_0099481685,,0.0,4.0
0143036203,book_0143036203,,0.0,4.0
0060577363,book_0060577363,,0.0,4.0
006180679X,book_006180679X,,0.0,4.0
0062008129,book_0062008129,,0.0,4.0
0062098454,book_0062098454,,0.0,4.0
006054578X,book_006054578X,,0.0,4.0
0061962163,book_0061962163,,0.0,4.0
0099453924,book_0099453924,,0.0,4.0
0142001724,book_0142001724,,0.0,4.0
0199542880,book_0199542880,,0.0,4.0
0143124404,book_0143124404,,0.0,4.0
0226852180,book_0226852180,,0.0,4.0
0143142410,book_0143142410,,0.0,4.0
0143057286,book_0143057286,,0.0,4.0
0061243388,book_0061243388,,0.0,4.0
015101048X,book_015101048X,,0.0,4.0
0307578070,book_0307578070,,0.0,4.0
0307377423,book_0307377423,,0.0,4.0
0142180319,book_0142180319,,0.0,4.0
0307275175,book_0307275175,,0.0,4.0
0226028569,book_0226028569,,0.0,4.0
006197806X,book_006197806X,,0.0,4.0
0137009275,book_0137009275,,0.0,4.0
0131572229,book_0131572229,,0.0,4.0
0152026320,book_0152026320,,0.0,4.0
0060976624,book_0060976624,,0.0,4.0
0060959681,book_0060959681,,0.0,4.0
0226500578,book_0226500578,,0.0,4.0
0060504285,book_0060504285,,0.0,4.0
0062024140,book_0062024140,,0.0,4.0
0062121634,book_0062121634,,0.0,4.0
0062314254,book_0062314254,,0.0,4.0
0140283331,book_0140283331,,0.0,4.0
0060927267,book_0060927267,,0.0,4.0
0137015445,book_0137015445,,0.0,4.0
0061236187,book_0061236187,,0.0,4.0
0020425759,book_0020425759,,0.0,4.0
0140432140,book_0140432140,,0.0,4.0
006072160X,book_006072160X,,0.0,4.0
0061945390,book_0061945390,,0.0,4.0
0061245585,book_0061245585,,0.0,4.0
0060885432,book_0060885432,,0.0,4.0
0062006150,book_0062006150,,0.0,4.0
0061128643,book_0061128643,,0.0,4.0
0143117505,book_0143117505,,0.0,4.0
0062073656,book_0062073656,,0.0,4.0
0141331984,book_0141331984,,0.0,4.0
0140135219,book_0140135219,,0.0,4.0
0230700640,book_0230700640,,0.0,4.0
0062117262,book_0062117262,,0.0,4.0
0062118455,book_0062118455,,0.0,4.0
0060536993,book_0060536993,,0.0,4.0
0061196681,book_0061196681,,0.0,4.0
0061690279,book_0061690279,,0.0,4.0
019966921X,book_019966921X,,0.0,4.0
014102724X,book_014102724X,,0.0,4.0
0061668214,book_0061668214,,0.0,4.0
0060545623,book_0060545623,,0.0,4.0
0152023984,book_0152023984,,0.0,4.0
019514824X,book_019514824X,,0.0,4.0
0143112589,book_0143112589,,0.0,4.0
0060645881,book_0060645881,,0.0,4.0
0061053562,book_0061053562,,0.0,4.0
0062049879,book_0062049879,,0.0,4.0
0060766123,book_0060766123,,0.0,4.0
006200719X,book_006200719X,,0.0,4.0
0099526786,book_0099526786,,0.0,4.0
0143144510,book_0143144510,,0.0,4.0
0061997404,book_0061997404,,0.0,4.0
0060931906,book_0060931906,,0.0,4.0
0142415901,book_0142415901,,0.0,4.0
0195328558,book_0195328558,,0.0,4.0
0142417114,book_0142417114,,0.0,4.0
0195141539,book_0195141539,,0.0,4.0
0062023047,book_0062023047,,0.0,4.0
006123611X,book_006123611X,,0.0,4.0
0151012873,book_0151012873,,0.0,4.0
0061961205,book_0061961205,,0.0,4.0
0192839179,book_0192839179,,0.0,4.0
0061544450,book_0061544450,,0.0,4.0
0062100297,book_0062100297,,0.0,4.0
0226677141,book_0226677141,,0.0,4.0
0062217208,book_0062217208,,0.0,4.0
0307338487,book_0307338487,,0.0,4.0
0061714283,book_0061714283,,0.0,4.0
0151014329,book_0151014329,,0.0,4.0
0143038656,book_0143038656,,0.0,4.0
015100403X,book_015100403X,,0.0,4.0
0142196991,book_0142196991,,0.0,4.0
0061915416,book_0061915416,,0.0,4.0
0062233653,book_0062233653,,0.0,4.0
0140188282,book_0140188282,,0.0,4.0
0143112449,book_0143112449,,0.0,4.0
006229931X,book_006229931X,,0.0,4.0
0060873027,book_0060873027,,0.0,4.0
0060684127,book_0060684127,,0.0,4.0
0307407993,book_0307407993,,0.0,4.0
0062207393,book_0062207393,,0.0,4.0
0140440070,book_0140440070,,0.0,4.0
014311610X,book_014311610X,,0.0,4.0
014241591X,book_014241591X,,0.0,4.0
0137047681,book_0137047681,,0.0,4.0
0307269604,book_0307269604,,0.0,4.0
0061284394,book_0061284394,,0.0,4.0
012383872X,book_012383872X,,0.0,4.0
0060545674,book_0060545674,,0.0,4.0
0062190830,book_0062190830,,0.0,4.0
0142002054,book_0142002054,,0.0,4.0
0142407089,book_0142407089,,0.0,4.0
0226307921,book_0226307921,,0.0,4.0
0240820800,book_0240820800,,0.0,4.0
0141312629,book_0141312629,,0.0,4.0
0061124532,book_0061124532,,0.0,4.0
0140435123,book_0140435123,,0.0,4.0
006232005X,book_006232005X,,0.0,4.0
0307280322,book_0307280322,,0.0,4.0
0140442391,book_0140442391,,0.0,4.0
0307278328,book_0307278328,,0.0,4.0
0263883361,book_0263883361,,0.0,4.0
0140437428,book_0140437428,,0.0,4.0
0241143144,book_0241143144,,0.0,4.0
0061466557,book_0061466557,,0.0,4.0
0062100203,book_0062100203,,0.0,4.0
0062220756,book_0062220756,,0.0,4.0
0062048651,book_0062048651,,0.0,4.0
0007119267,book_0007119267,,0.0,4.0
015679201X,book_015679201X,,0.0,4.0
0061122416,book_0061122416,,0.0,4.0
0062273949,book_0062273949,,0.0,4.0
0143057529,book_0143057529,,0.0,4.0
0143036459,book_0143036459,,0.0,4.0
0061876844,book_0061876844,,0.0,4.0
0140167773,book_0140167773,,0.0,4.0
0141188596,book_0141188596,,0.0,4.0
0307270971,book_0307270971,,0.0,4.0
014303538X,book_014303538X,,0.0,4.0
0062107968,book_0062107968,,0.0,4.0
0064410471,book_0064410471,,0.0,4.0
0307387747,book_0307387747,,0.0,4.0
0099464462,book_0099464462,,0.0,4.0
0192833723,book_0192833723,,0.0,4.0
0137045328,book_0137045328,,0.0,4.0
0142002402,book_0142002402,,0.0,4.0
0061691216,book_0061691216,,0.0,4.0
0195306686,book_0195306686,,0.0,4.0
0142426628,book_0142426628,,0.0,4.0
0143122843,book_0143122843,,0.0,4.0
0307277259,book_0307277259,,0.0,4.0
0307463907,book_0307463907,,0.0,4.0
030737839X,book_030737839X,,0.0,4.0
0061934992,book_0061934992,,0.0,4.0
0143037684,book_0143037684,,0.0,4.0
0062268546,book_0062268546,,0.0,4.0
0240812239,book_0240812239,,0.0,4.0
0061431605,book_0061431605,,0.0,4.0
0143144375,book_0143144375,,0.0,4.0
0060958286,book_0060958286,,0.0,4.0
0060809752,book_0060809752,,0.0,4.0
0240810457,book_0240810457,,0.0,4.0
0006551386,book_0006551386,,0.0,4.0
0061706493,book_0061706493,,0.0,4.0
0062047779,book_0062047779,,0.0,4.0
0151014604,book_0151014604,,0.0,4.0
0062007203,book_0062007203,,0.0,4.0
0099727404,book_0099727404,,0.0,4.0
0061849278,book_0061849278,,0.0,4.0
0061725471,book_0061725471,,0.0,4.0
0061143367,book_0061143367,,0.0,4.0
0140449191,book_0140449191,,0.0,4.0
0007467478,book_0007467478,,0.0,4.0
0061997811,book_0061997811,,0.0,4.0
0060734191,book_0060734191,,0.0,4.0
0143143107,book_0143143107,,0.0,4.0
0061561622,book_0061561622,,0.0,4.0
0061881902,book_0061881902,,0.0,4.0
0060630043,book_0060630043,,0.0,4.0
0143121006,book_0143121006,,0.0,4.0
0061673234,book_0061673234,,0.0,4.0
0060096675,book_0060096675,,0.0,4.0
0061234923,book_0061234923,,0.0,4.0
030681157X,book_030681157X,,0.0,4.0
0151014744,book_0151014744,,0.0,4.0
0141302038,book_0141302038,,0.0,4.0
0062025317,book_0062025317,,0.0,4.0
0061579092,book_0061579092,,0.0,4.0
0307444716,book_0307444716,,0.0,4.0
0060520841,book_0060520841,,0.0,4.0
0307264254,book_0307264254,,0.0,4.0
0060677015,book_0060677015,,0.0,4.0
0061731048,book_0061731048,,0.0,4.0
0060798610,book_0060798610,,0.0,4.0
0060081961,book_0060081961,,0.0,4.0
0143039385,book_0143039385,,0.0,4.0
0060850892,book_0060850892,,0.0,4.0
0142426520,book_0142426520,,0.0,4.0
0062257390,book_0062257390,,0.0,4.0
0140390219,book_0140390219,,0.0,4.0
0060586583,book_0060586583,,0.0,4.0
0143118455,book_0143118455,,0.0,4.0
0061833665,book_0061833665,,0.0,4.0
006054063X,book_006054063X,,0.0,4.0
0199315736,book_0199315736,,0.0,4.0
0307268160,book_0307268160,,0.0,4.0
0060762144,book_0060762144,,0.0,4.0
0060233346,book_0060233346,,0.0,4.0
0300097662,book_0300097662,,0.0,4.0
0062037927,book_0062037927,,0.0,4.0
0006550339,book_0006550339,,0.0,4.0
0307339564,book_0307339564,,0.0,4.0
0061451649,book_0061451649,,0.0,4.0
0304353671,book_0304353671,,0.0,4.0
0061284645,book_0061284645,,0.0,4.0
0062249894,book_0062249894,,0.0,4.0
0060194804,book_0060194804,,0.0,4.0
0060585617,book_0060585617,,0.0,4.0
0061148717,book_0061148717,,0.0,4.0
0307405877,book_0307405877,,0.0,4.0
0141030631,book_0141030631,,0.0,4.0
0307355667,book_0307355667,,0.0,4.0
0140185399,book_0140185399,,0.0,4.0
0142003166,book_0142003166,,0.0,4.0
0156563770,book_0156563770,,0.0,4.0
0061774804,book_0061774804,,0.0,4.0
0307264203,book_0307264203,,0.0,4.0
0142004669,book_0142004669,,0.0,4.0
0143114638,book_0143114638,,0.0,4.0
0307277747,book_0307277747,,0.0,4.0
0142403571,book_0142403571,,0.0,4.0
0307473996,book_0307473996,,0.0,4.0
0307388212,book_0307388212,,0.0,4.0
0099505576,book_0099505576,,0.0,4.0
0099908506,book_0099908506,,0.0,4.0
014006110X,book_014006110X,,0.0,4.0
0062264338,book_0062264338,,0.0,4.0
0151014027,book_0151014027,,0.0,4.0
0007257031,book_0007257031,,0.0,4.0
0140258817,book_0140258817,,0.0,4.0
0142416681,book_0142416681,,0.0,4.0
0060752440,book_0060752440,,0.0,4.0
009928264X,book_009928264X,,0.0,4.0
0195326342,book_0195326342,,0.0,4.0
0140045295,book_0140045295,,0.0,4.0
0061537934,book_0061537934,,0.0,4.0
0060641665,book_0060641665,,0.0,4.0
0060976241,book_0060976241,,0.0,4.0
0062051857,book_0062051857,,0.0,4.0
0143035401,book_0143035401,,0.0,4.0
014241977X,book_014241977X,,0.0,4.0
0091795273,book_0091795273,,0.0,4.0
0140189351,book_0140189351,,0.0,4.0
0230744818,book_0230744818,,0.0,4.0
0062060619,book_0062060619,,0.0,4.0
0062302418,book_0062302418,,0.0,4.0
0143038567,book_0143038567,,0.0,4.0
0307405788,book_0307405788,,0.0,4.0
0061562637,book_0061562637,,0.0,4.0
0061245089,book_0061245089,,0.0,4.0
0307277739,book_0307277739,,0.0,4.0
0060137290,book_0060137290,,0.0,4.0
0061916471,book_0061916471,,0.0,4.0
0060569662,book_0060569662,,0.0,4.0
0140170413,book_0140170413,,0.0,4.0
0061474266,book_0061474266,,0.0,4.0
0143037145,book_0143037145,,0.0,4.0
006156284X,book_006156284X,,0.0,4.0
0143121049,book_0143121049,,0.0,4.0
0195117972,book_0195117972,,0.0,4.0
0060194391,book_0060194391,,0.0,4.0
0300109903,book_0300109903,,0.0,4.0
0060085444,book_0060085444,,0.0,4.0
0061030864,book_0061030864,,0.0,4.0
0140244824,book_0140244824,,0.0,4.0
0062198793,book_0062198793,,0.0,4.0
0060955325,book_0060955325,,0.0,4.0
0061719285,book_0061719285,,0.0,4.0
0060506083,book_0060506083,,0.0,4.0
0140432485,book_0140432485,,0.0,4.0
0061827258,book_0061827258,,0.0,4.0
006226768X,book_006226768X,,0.0,4.0
0007285973,book_0007285973,,0.0,4.0
0141339624,book_0141339624,,0.0,4.0
0060789557,book_0060789557,,0.0,4.0
0307275337,book_0307275337,,0.0,4.0
0060896450,book_0060896450,,0.0,4.0
0060083816,book_0060083816,,0.0,4.0
0062267140,book_0062267140,,0.0,4.0
0140196277,book_0140196277,,0.0,4.0
0307464504,book_0307464504,,0.0,4.0
0307269019,book_0307269019,,0.0,4.0
0062230921,book_0062230921,,0.0,4.0
0062069888,book_0062069888,,0.0,4.0
0062103326,book_0062103326,,0.0,4.0
0143038915,book_0143038915,,0.0,4.0
009917961X,book_009917961X,,0.0,4.0
0060977493,book_0060977493,,0.0,4.0
0152053891,book_0152053891,,0.0,4.0
0061348139,book_0061348139,,0.0,4.0
0061339261,book_0061339261,,0.0,4.0
0061246360,book_0061246360,,0.0,4.0
0020360754,book_0020360754,,0.0,4.0
0062090399,book_0062090399,,0.0,4.0
014024364X,book_014024364X,,0.0,4.0
0141439750,book_0141439750,,0.0,4.0
0062219324,book_0062219324,,0.0,4.0
0307452360,book_0307452360,,0.0,4.0
0064462188,book_0064462188,,0.0,4.0
0062027875,book_0062027875,,0.0,4.0
0060956437,book_0060956437,,0.0,4.0
0061493341,book_0061493341,,0.0,4.0
0064407691,book_0064407691,,0.0,4.0
0061665746,book_0061665746,,0.0,4.0
0143112864,book_0143112864,,0.0,4.0
0061914711,book_0061914711,,0.0,4.0
0099429799,book_0099429799,,0.0,4.0
0061374199,book_0061374199,,0.0,4.0
0226771008,book_0226771008,,0.0,4.0
0140286373,book_0140286373,,0.0,4.0
0306813769,book_0306813769,,0.0,4.0
0061766119,book_0061766119,,0.0,4.0
0307377490,book_0307377490,,0.0,4.0
0060935537,book_0060935537,,0.0,4.0
0306816083,book_0306816083,,0.0,4.0
0060539054,book_0060539054,,0.0,4.0
0061373311,book_0061373311,,0.0,4.0
0060959037,book_0060959037,,0.0,4.0
0140434976,book_0140434976,,0.0,4.0
0142180300,book_0142180300,,0.0,4.0
0060541695,book_0060541695,,0.0,4.0
0143144219,book_0143144219,,0.0,4.0
0061230839,book_0061230839,,0.0,4.0
0152008691,book_0152008691,,0.0,4.0
0143112635,book_0143112635,,0.0,4.0
0062069217,book_0062069217,,0.0,4.0
0060564652,book_0060564652,,0.0,4.0
0142411108,book_0142411108,,0.0,4.0
0007271166,book_0007271166,,0.0,4.0
014303667X,book_014303667X,,0.0,4.0
0140435549,book_0140435549,,0.0,4.0
0060935502,book_0060935502,,0.0,4.0
0061231363,book_0061231363,,0.0,4.0
0062015680,book_0062015680,,0.0,4.0
0060298790,book_0060298790,,0.0,4.0
0060594667,book_0060594667,,0.0,4.0
0060608161,book_0060608161,,0.0,4.0
0192719580,book_0192719580,,0.0,4.0
0062019821,book_0062019821,,0.0,4.0
0306814358,book_0306814358,,0.0,4.0
0143120395,book_0143120395,,0.0,4.0
0060009292,book_0060009292,,0.0,4.0
0062066064,book_0062066064,,0.0,4.0
0151012547,book_0151012547,,0.0,4.0
0062336592,book_0062336592,,0.0,4.0
0062070649,book_0062070649,,0.0,4.0
0060505915,book_0060505915,,0.0,4.0
014242370X,book_014242370X,,0.0,4.0
006173523X,book_006173523X,,0.0,4.0
0307278832,book_0307278832,,0.0,4.0
030727831X,book_030727831X,,0.0,4.0
0307480569,book_0307480569,,0.0,4.0
0062110837,book_0062110837,,0.0,4.0
0240811283,book_0240811283,,0.0,4.0
0300093055,book_0300093055,,0.0,4.0
0062271105,book_0062271105,,0.0,4.0
0142002712,book_0142002712,,0.0,4.0
0062027565,book_0062027565,,0.0,4.0
0195205502,book_0195205502,,0.0,4.0
0060898771,book_0060898771,,0.0,4.0
014303961X,book_014303961X,,0.0,4.0
0133384225,book_0133384225,,0.0,4.0
0142420905,book_0142420905,,0.0,4.0
0060256532,book_0060256532,,0.0,4.0
0062195263,book_0062195263,,0.0,4.0
0061053104,book_0061053104,,0.0,4.0
0062049801,book_0062049801,,0.0,4.0
0099490668,book_0099490668,,0.0,4.0
0151010900,book_0151010900,,0.0,4.0
0060847166,book_0060847166,,0.0,4.0
0099740915,book_0099740915,,0.0,4.0
0123746396,book_0123746396,,0.0,4.0
0226320847,book_0226320847,,0.0,4.0
0192838113,book_0192838113,,0.0,4.0
0123743281,book_0123743281,,0.0,4.0
0060522755,book_0060522755,,0.0,4.0
0060195347,book_0060195347,,0.0,4.0
0307405389,book_0307405389,,0.0,4.0
0061719544,book_0061719544,,0.0,4.0
0240815076,book_0240815076,,0.0,4.0
015101437X,book_015101437X,,0.0,4.0
0060819685,book_0060819685,,0.0,4.0
0061768944,book_0061768944,,0.0,4.0
0091779251,book_0091779251,,0.0,4.0
0141501596,book_0141501596,,0.0,4.0
0199236224,book_0199236224,,0.0,4.0
0140442731,book_0140442731,,0.0,4.0
006447030X,book_006447030X,,0.0,4.0
0020452705,book_0020452705,,0.0,4.0
0143113615,book_0143113615,,0.0,4.0
0142414883,book_0142414883,,0.0,4.0
0061242683,book_0061242683,,0.0,4.0
0140292608,book_0140292608,,0.0,4.0
0141312335,book_0141312335,,0.0,4.0
0099505967,book_0099505967,,0.0,4.0
006088732X,book_006088732X,,0.0,4.0
0061246263,book_0061246263,,0.0,4.0
0060185724,book_0060185724,,0.0,4.0
0060760915,book_0060760915,,0.0,4.0
0141310014,book_0141310014,,0.0,4.0
0140292012,book_0140292012,,0.0,4.0
0252064798,book_0252064798,,0.0,4.0
0300104669,book_0300104669,,0.0,4.0
0240811089,book_0240811089,,0.0,4.0
0240815114,book_0240815114,,0.0,4.0
0143057324,book_0143057324,,0.0,4.0
0061930237,book_0061930237,,0.0,4.0
0061584452,book_0061584452,,0.0,4.0
0140432256,book_0140432256,,0.0,4.0
0061234915,book_0061234915,,0.0,4.0
0140561609,book_0140561609,,0.0,4.0
0099280760,book_0099280760,,0.0,4.0
0195076060,book_0195076060,,0.0,4.0
0240817818,book_0240817818,,0.0,4.0
0061091707,book_0061091707,,0.0,4.0
0131855174,book_0131855174,,0.0,4.0
0060505281,book_0060505281,,0.0,4.0
0141187204,book_0141187204,,0.0,4.0
0061238821,book_0061238821,,0.0,4.0
0140442634,book_0140442634,,0.0,4.0
0143143700,book_0143143700,,0.0,4.0
0060889659,book_0060889659,,0.0,4.0
0060930462,book_0060930462,,0.0,4.0
0062004999,book_0062004999,,0.0,4.0
0061730343,book_0061730343,,0.0,4.0
0140273883,book_0140273883,,0.0,4.0
0192854496,book_0192854496,,0.0,4.0
0061143316,book_0061143316,,0.0,4.0
0062124293,book_0062124293,,0.0,4.0
006211946X,book_006211946X,,0.0,4.0
0142428604,book_0142428604,,0.0,4.0
0143143859,book_0143143859,,0.0,4.0
0140433910,book_0140433910,,0.0,4.0
0062202073,book_0062202073,,0.0,4.0
0195376641,book_0195376641,,0.0,4.0
006228553X,book_006228553X,,0.0,4.0
006092988X,book_006092988X,,0.0,4.0
0140186913,book_0140186913,,0.0,4.0
006053124X,book_006053124X,,0.0,4.0
0060506687,book_0060506687,,0.0,4.0
030726372X,book_030726372X,,0.0,4.0
0134374991,book_0134374991,,0.0,4.0
0307406334,book_0307406334,,0.0,4.0
014305872X,book_014305872X,,0.0,4.0
0143112120,book_0143112120,,0.0,4.0
015205409X,book_015205409X,,0.0,4.0
0143120077,book_0143120077,,0.0,4.0
014025157X,book_014025157X,,0.0,4.0
0060773170,book_0060773170,,0.0,4.0
014044243X,book_014044243X,,0.0,4.0
0195170342,book_0195170342,,0.0,4.0
0307386376,book_0307386376,,0.0,4.0
023252078X,book_023252078X,,0.0,4.0
0307281698,book_0307281698,,0.0,4.0
006206584X,book_006206584X,,0.0,4.0
0060936142,book_0060936142,,0.0,4.0
0224079948,book_0224079948,,0.0,4.0
0099441675,book_0099441675,,0.0,4.0
0064408337,book_0064408337,,0.0,4.0
0061988227,book_0061988227,,0.0,4.0
006193836X,book_006193836X,,0.0,4.0
0143105299,book_0143105299,,0.0,4.0
0143113100,book_0143113100,,0.0,4.0
0062069284,book_0062069284,,0.0,4.0
0156034433,book_0156034433,,0.0,4.0
0307576418,book_0307576418,,0.0,4.0
0061456845,book_0061456845,,0.0,4.0
0152018956,book_0152018956,,0.0,4.0
0151686564,book_0151686564,,0.0,4.0
0141012250,book_0141012250,,0.0,4.0
0060852577,book_0060852577,,0.0,4.0
0060513608,book_0060513608,,0.0,4.0
0307272583,book_0307272583,,0.0,4.0
0060763957,book_0060763957,,0.0,4.0
0306807858,book_0306807858,,0.0,4.0
0143122541,book_0143122541,,0.0,4.0
0060788704,book_0060788704,,0.0,4.0
0060843284,book_0060843284,,0.0,4.0
0062025341,book_0062025341,,0.0,4.0
0143113178,book_0143113178,,0.0,4.0
0062078143,book_0062078143,,0.0,4.0
0061929883,book_0061929883,,0.0,4.0
0192834622,book_0192834622,,0.0,4.0
0140186255,book_0140186255,,0.0,4.0
0224020897,book_0224020897,,0.0,4.0
006105691X,book_006105691X,,0.0,4.0
0099914700,book_0099914700,,0.0,4.0
0064400026,book_0064400026,,0.0,4.0
0140296166,book_0140296166,,0.0,4.0
0061556300,book_0061556300,,0.0,4.0
0140283579,book_0140283579,,0.0,4.0
0061008079,book_0061008079,,0.0,4.0
0060184701,book_0060184701,,0.0,4.0
0230342256,book_0230342256,,0.0,4.0
0123815495,book_0123815495,,0.0,4.0
0060183713,book_0060183713,,0.0,4.0
0140435069,book_0140435069,,0.0,4.0
0061671401,book_0061671401,,0.0,4.0
0060843829,book_0060843829,,0.0,4.0
0151003084,book_0151003084,,0.0,4.0
014240392X,book_014240392X,,0.0,4.0
0307387941,book_0307387941,,0.0,4.0
014009766X,book_014009766X,,0.0,4.0
0007419449,book_0007419449,,0.0,4.0
0060731257,book_0060731257,,0.0,4.0
0307387879,book_0307387879,,0.0,4.0
0195141822,book_0195141822,,0.0,4.0
0060764902,book_0060764902,,0.0,4.0
0062218808,book_0062218808,,0.0,4.0
0062259539,book_0062259539,,0.0,4.0
0143114433,book_0143114433,,0.0,4.0
0060579412,book_0060579412,,0.0,4.0
0062004808,book_0062004808,,0.0,4.0
006172081X,book_006172081X,,0.0,4.0
0192835904,book_0192835904,,0.0,4.0
0060887389,book_0060887389,,0.0,4.0
0143034693,book_0143034693,,0.0,4.0
006196316X,book_006196316X,,0.0,4.0
0060591854,book_0060591854,,0.0,4.0
0060534249,book_0060534249,,0.0,4.0
0060817321,book_0060817321,,0.0,4.0
0062326201,book_0062326201,,0.0,4.0
0132100568,book_0132100568,,0.0,4.0
0132366797,book_0132366797,,0.0,4.0
0061490008,book_0061490008,,0.0,4.0
0307394999,book_0307394999,,0.0,4.0
0061876895,book_0061876895,,0.0,4.0
0060653205,book_0060653205,,0.0,4.0
019517500X,book_019517500X,,0.0,4.0
0061536091,book_0061536091,,0.0,4.0
0141190310,book_0141190310,,0.0,4.0
0143125567,book_0143125567,,0.0,4.0
0062122630,book_0062122630,,0.0,4.0
0142407380,book_0142407380,,0.0,4.0
0060561173,book_0060561173,,0.0,4.0
0156033674,book_0156033674,,0.0,4.0
0061096644,book_0061096644,,0.0,4.0
0140289208,book_0140289208,,0.0,4.0
0140442286,book_0140442286,,0.0,4.0
0060548924,book_0060548924,,0.0,4.0
0140187650,book_0140187650,,0.0,4.0
006102001X,book_006102001X,,0.0,4.0
0061020672,book_0061020672,,0.0,4.0
0061043575,book_0061043575,,0.0,4.0
0060545607,book_0060545607,,0.0,4.0
0061996181,book_0061996181,,0.0,4.0
0061118451,book_0061118451,,0.0,4.0
0061228591,book_0061228591,,0.0,4.0
0062198890,book_0062198890,,0.0,4.0
0060594896,book_0060594896,,0.0,4.0
0062068644,book_0062068644,,0.0,4.0
0061344591,book_0061344591,,0.0,4.0
0062115286,book_0062115286,,0.0,4.0
0060885483,book_0060885483,,0.0,4.0
0006476155,book_0006476155,,0.0,4.0
0061856436,book_0061856436,,0.0,4.0
0143035169,book_0143035169,,0.0,4.0
0143114964,book_0143114964,,0.0,4.0
0061896438,book_0061896438,,0.0,4.0
0143186434,book_0143186434,,0.0,4.0
0307382664,book_0307382664,,0.0,4.0
0140071075,book_0140071075,,0.0,4.0
0226771059,book_0226771059,,0.0,4.0
0156148501,book_0156148501,,0.0,4.0
0143121235,book_0143121235,,0.0,4.0
0140171991,book_0140171991,,0.0,4.0
0307378462,book_0307378462,,0.0,4.0
0140256369,book_0140256369,,0.0,4.0
0142004154,book_0142004154,,0.0,4.0
0060764945,book_0060764945,,0.0,4.0
0123750792,book_0123750792,,0.0,4.0
0062007688,book_0062007688,,0.0,4.0
0060734469,book_0060734469,,0.0,4.0
0099459051,book_0099459051,,0.0,4.0
0060876115,book_0060876115,,0.0,4.0
0156013363,book_0156013363,,0.0,4.0
0060574534,book_0060574534,,0.0,4.0
0060847182,book_0060847182,,0.0,4.0
0007419457,book_0007419457,,0.0,4.0
0307454894,book_0307454894,,0.0,4.0
0061986399,book_0061986399,,0.0,4.0
006227239X,book_006227239X,,0.0,4.0
0061628018,book_0061628018,,0.0,4.0
0060734922,book_0060734922,,0.0,4.0
0061782165,book_0061782165,,0.0,4.0
0140169318,book_0140169318,,0.0,4.0
0140386645,book_0140386645,,0.0,4.0
0061458570,book_0061458570,,0.0,4.0
007175203X,book_007175203X,,0.0,4.0
0099460297,book_0099460297,,0.0,4.0
0002247399,book_0002247399,,0.0,4.0
0061965502,book_0061965502,,0.0,4.0
0143038575,book_0143038575,,0.0,4.0
0132339420,book_0132339420,,0.0,4.0
0060796677,book_0060796677,,0.0,4.0
0240812093,book_0240812093,,0.0,4.0
0141001828,book_0141001828,,0.0,4.0
0307463893,book_0307463893,,0.0,4.0
0060530480,book_0060530480,,0.0,4.0
0195150880,book_0195150880,,0.0,4.0
0060628391,book_0060628391,,0.0,4.0
0307362566,book_0307362566,,0.0,4.0
0131986473,book_0131986473,,0.0,4.0
012375027X,book_012375027X,,0.0,4.0
006147357X,book_006147357X,,0.0,4.0
0062136305,book_0062136305,,0.0,4.0
0307270718,book_0307270718,,0.0,4.0
0062024604,book_0062024604,,0.0,4.0
0061343900,book_0061343900,,0.0,4.0
0142001163,book_0142001163,,0.0,4.0
0195135091,book_0195135091,,0.0,4.0
030737999X,book_030737999X,,0.0,4.0
0307276651,book_0307276651,,0.0,4.0
006201630X,book_006201630X,,0.0,4.0
0140248307,book_0140248307,,0.0,4.0
0307387054,book_0307387054,,0.0,4.0
0061684287,book_0061684287,,0.0,4.0
0061210056,book_0061210056,,0.0,4.0
0142000221,book_0142000221,,0.0,4.0
0062104896,book_0062104896,,0.0,4.0
0060575913,book_0060575913,,0.0,4.0
0062004379,book_0062004379,,0.0,4.0
0307266354,book_0307266354,,0.0,4.0
0143121332,book_0143121332,,0.0,4.0
0140153195,book_0140153195,,0.0,4.0
0140171673,book_0140171673,,0.0,4.0
0132357798,book_0132357798,,0.0,4.0
0143123033,book_0143123033,,0.0,4.0
0300108834,book_0300108834,,0.0,4.0
0143119087,book_0143119087,,0.0,4.0
0061713783,book_0061713783,,0.0,4.0
0060566760,book_0060566760,,0.0,4.0
0061235024,book_0061235024,,0.0,4.0
0061128821,book_0061128821,,0.0,4.0
0060092653,book_0060092653,,0.0,4.0
0307460835,book_0307460835,,0.0,4.0
0307386562,book_0307386562,,0.0,4.0
0064472817,book_0064472817,,0.0,4.0
0061772437,book_0061772437,,0.0,4.0
0066620589,book_0066620589,,0.0,4.0
0061252417,book_0061252417,,0.0,4.0
0151014906,book_0151014906,,0.0,4.0
0195383311,book_0195383311,,0.0,4.0
0152051708,book_0152051708,,0.0,4.0
0007386648,book_0007386648,,0.0,4.0
0062079980,book_0062079980,,0.0,4.0
0240810783,book_0240810783,,0.0,4.0
0061724521,book_0061724521,,0.0,4.0
0061579068,book_0061579068,,0.0,4.0
0307464474,book_0307464474,,0.0,4.0
0062217100,book_0062217100,,0.0,4.0
0060929294,book_0060929294,,0.0,4.0
0061176044,book_0061176044,,0.0,4.0
0062278819,book_0062278819,,0.0,4.0
0123749131,book_0123749131,,0.0,4.0
0143035096,book_0143035096,,0.0,4.0
0061020001,book_0061020001,,0.0,4.0
0143188720,book_0143188720,,0.0,4.0
0140177396,book_0140177396,,0.0,4.0
0137058497,book_0137058497,,0.0,4.0
0140444394,book_0140444394,,0.0,4.0
0062072099,book_0062072099,,0.0,4.0
0062265423,book_0062265423,,0.0,4.0
0061344761,book_0061344761,,0.0,4.0
013138094X,book_013138094X,,0.0,4.0
0062063782,book_0062063782,,0.0,4.0
0061732370,book_0061732370,,0.0,4.0
0099525062,book_0099525062,,0.0,4.0
0143038109,book_0143038109,,0.0,4.0
0060744804,book_0060744804,,0.0,4.0
0142000329,book_0142000329,,0.0,4.0
0307377326,book_0307377326,,0.0,4.0
0262025795,book_0262025795,,0.0,4.0
0195123190,book_0195123190,,0.0,4.0
0061355577,book_0061355577,,0.0,4.0
0060875895,book_0060875895,,0.0,4.0
0060548940,book_0060548940,,0.0,4.0
0060268654,book_0060268654,,0.0,4.0
0062129902,book_0062129902,,0.0,4.0
0062267728,book_0062267728,,0.0,4.0
0062019694,book_0062019694,,0.0,4.0
0143116878,book_0143116878,,0.0,4.0
0060736631,book_0060736631,,0.0,4.0
0061992100,book_0061992100,,0.0,4.0
0226743403,book_0226743403,,0.0,4.0
0060831502,book_0060831502,,0.0,4.0
0142410713,book_0142410713,,0.0,4.0
0156031345,book_0156031345,,0.0,4.0
0143114077,book_0143114077,,0.0,4.0
0060538120,book_0060538120,,0.0,4.0
0061351504,book_0061351504,,0.0,4.0
0132180243,book_0132180243,,0.0,4.0
0143118668,book_0143118668,,0.0,4.0
0307155102,book_0307155102,,0.0,4.0
0192802089,book_0192802089,,0.0,4.0
0226771040,book_0226771040,,0.0,4.0
0137031653,book_0137031653,,0.0,4.0
0060759852,book_0060759852,,0.0,4.0
0151012881,book_0151012881,,0.0,4.0
0156028352,book_0156028352,,0.0,4.0
0062062794,book_0062062794,,0.0,4.0
0061767581,book_0061767581,,0.0,4.0
0140389660,book_0140389660,,0.0,4.0
0192123149,book_0192123149,,0.0,4.0
0061043540,book_0061043540,,0.0,4.0
0143122207,book_0143122207,,0.0,4.0
0307379213,book_0307379213,,0.0,4.0
0143114344,book_0143114344,,0.0,4.0
006182593X,book_006182593X,,0.0,4.0
0061935123,book_0061935123,,0.0,4.0
0151001820,book_0151001820,,0.0,4.0
0060835176,book_0060835176,,0.0,4.0
0143113046,book_0143113046,,0.0,4.0
0060765895,book_0060765895,,0.0,4.0
0060929421,book_0060929421,,0.0,4.0
0143115561,book_0143115561,,0.0,4.0
0061857521,book_0061857521,,0.0,4.0
0140431217,book_0140431217,,0.0,4.0
0062259237,book_0062259237,,0.0,4.0
0226677168,book_0226677168,,0.0,4.0
014028155X,book_014028155X,,0.0,4.0
014314376X,book_014314376X,,0.0,4.0
014050639X,book_014050639X,,0.0,4.0
006112978X,book_006112978X,,0.0,4.0
0151014264,book_0151014264,,0.0,4.0
0061015601,book_0061015601,,0.0,4.0
014241882X,book_014241882X,,0.0,4.0
0060779004,book_0060779004,,0.0,4.0
0060519134,book_0060519134,,0.0,4.0
0151446474,book_0151446474,,0.0,4.0
0062247506,book_0062247506,,0.0,4.0
0195076370,book_0195076370,,0.0,4.0
006219951X,book_006219951X,,0.0,4.0
014241851X,book_014241851X,,0.0,4.0
0131439871,book_0131439871,,0.0,4.0
0062015729,book_0062015729,,0.0,4.0
0306814528,book_0306814528,,0.0,4.0
0061240257,book_0061240257,,0.0,4.0
0143037943,book_0143037943,,0.0,4.0
0300098588,book_0300098588,,0.0,4.0
0143034316,book_0143034316,,0.0,4.0
0060007192,book_0060007192,,0.0,4.0
0062020617,book_0062020617,,0.0,4.0
0060191872,book_0060191872,,0.0,4.0
0061994960,book_0061994960,,0.0,4.0
0143115456,book_0143115456,,0.0,4.0
0062083260,book_0062083260,,0.0,4.0
006100328X,book_006100328X,,0.0,4.0
0142417726,book_0142417726,,0.0,4.0
0061934771,book_0061934771,,0.0,4.0
006059537X,book_006059537X,,0.0,4.0
0060520612,book_0060520612,,0.0,4.0
0141044667,book_0141044667,,0.0,4.0
0061976792,book_0061976792,,0.0,4.0
0140294295,book_0140294295,,0.0,4.0
0140093559,book_0140093559,,0.0,4.0
0062100289,book_0062100289,,0.0,4.0
0060828412,book_0060828412,,0.0,4.0
0140280243,book_0140280243,,0.0,4.0
0153524855,book_0153524855,,0.0,4.0
014200202X,book_014200202X,,0.0,4.0
0226494322,book_0226494322,,0.0,4.0
0061362956,book_0061362956,,0.0,4.0
0062070401,book_0062070401,,0.0,4.0
0143118641,book_0143118641,,0.0,4.0
015603347X,book_015603347X,,0.0,4.0
006128856X,book_006128856X,,0.0,4.0
006113905X,book_006113905X,,0.0,4.0
0061547913,book_0061547913,,0.0,4.0
0140139397,book_0140139397,,0.0,4.0
0156005646,book_0156005646,,0.0,4.0
0061448761,book_0061448761,,0.0,4.0
0062020889,book_0062020889,,0.0,4.0
0061231371,book_0061231371,,0.0,4.0
0195314441,book_0195314441,,0.0,4.0
0060521872,book_0060521872,,0.0,4.0
0142000361,book_0142000361,,0.0,4.0
0060531258,book_0060531258,,0.0,4.0
015205345X,book_015205345X,,0.0,4.0
0132734389,book_0132734389,,0.0,4.0
030738652X,book_030738652X,,0.0,4.0
0064409406,book_0064409406,,0.0,4.0
0156949601,book_0156949601,,0.0,4.0
0062209841,book_0062209841,,0.0,4.0
0061706264,book_0061706264,,0.0,4.0
0062019430,book_0062019430,,0.0,4.0
0060577304,book_0060577304,,0.0,4.0
0060808233,book_0060808233,,0.0,4.0
0307464431,book_0307464431,,0.0,4.0
0062351893,book_0062351893,,0.0,4.0
013701127X,book_013701127X,,0.0,4.0
0307396444,book_0307396444,,0.0,4.0
0142414948,book_0142414948,,0.0,4.0
014118776X,book_014118776X,,0.0,4.0
0062299069,book_0062299069,,0.0,4.0
0061228575,book_0061228575,,0.0,4.0
0143116851,book_0143116851,,0.0,4.0
0060793589,book_0060793589,,0.0,4.0
0151013918,book_0151013918,,0.0,4.0
0143121022,book_0143121022,,0.0,4.0
0062517392,book_0062517392,,0.0,4.0
0140548963,book_0140548963,,0.0,4.0
0140184929,book_0140184929,,0.0,4.0
0061783749,book_0061783749,,0.0,4.0
0151009716,book_0151009716,,0.0,4.0
0060197765,book_0060197765,,0.0,4.0
0061011320,book_0061011320,,0.0,4.0
0062026100,book_0062026100,,0.0,4.0
0192880519,book_0192880519,,0.0,4.0
0061723819,book_0061723819,,0.0,4.0
0142196819,book_0142196819,,0.0,4.0
0007172826,book_0007172826,,0.0,4.0
0061723754,book_0061723754,,0.0,4.0
0002005395,book_0002005395,,0.0,4.0
0061963119,book_0061963119,,0.0,4.0
0140559469,book_0140559469,,0.0,4.0
0123751101,book_0123751101,,0.0,4.0
0307480593,book_0307480593,,0.0,4.0
0061178039,book_0061178039,,0.0,4.0
0199738661,book_0199738661,,0.0,4.0
0060734574,book_0060734574,,0.0,4.0
0143118900,book_0143118900,,0.0,4.0
0060955422,book_0060955422,,0.0,4.0
0060897848,book_0060897848,,0.0,4.0
0062283057,book_0062283057,,0.0,4.0
0061558230,book_0061558230,,0.0,4.0
0061960470,book_0061960470,,0.0,4.0
0152066098,book_0152066098,,0.0,4.0
0020427859,book_0020427859,,0.0,4.0
0142423467,book_0142423467,,0.0,4.0
0141030658,book_0141030658,,0.0,4.0
0061430994,book_0061430994,,0.0,4.0
0195157427,book_0195157427,,0.0,4.0
0061990868,book_0061990868,,0.0,4.0
0020519001,book_0020519001,,0.0,4.0
002907052X,book_002907052X,,0.0,4.0
0061712612,book_0061712612,,0.0,4.0
0061434795,book_0061434795,,0.0,4.0
0062082256,book_0062082256,,0.0,4.0
0199360316,book_0199360316,,0.0,4.0
0140390030,book_0140390030,,0.0,4.0
0307238725,book_0307238725,,0.0,4.0
0062365444,book_0062365444,,0.0,4.0
0307379736,book_0307379736,,0.0,4.0
0195189779,book_0195189779,,0.0,4.0
0307387224,book_0307387224,,0.0,4.0
0240820754,book_0240820754,,0.0,4.0
0140146563,book_0140146563,,0.0,4.0
0240817761,book_0240817761,,0.0,4.0
0062030310,book_0062030310,,0.0,4.0
0300046014,book_0300046014,,0.0,4.0
006218850X,book_006218850X,,0.0,4.0
0307238512,book_0307238512,,0.0,4.0
0060528036,book_0060528036,,0.0,4.0
0230740847,book_0230740847,,0.0,4.0
0099448572,book_0099448572,,0.0,4.0
0061791768,book_0061791768,,0.0,4.0
0140288597,book_0140288597,,0.0,4.0
0060096071,book_0060096071,,0.0,4.0
0061136166,book_0061136166,,0.0,4.0
014241980X,book_014241980X,,0.0,4.0
0306810123,book_0306810123,,0.0,4.0
0071446524,book_0071446524,,0.0,4.0
0307271064,book_0307271064,,0.0,4.0
0060957573,book_0060957573,,0.0,4.0
0099466295,book_0099466295,,0.0,4.0
0143038907,book_0143038907,,0.0,4.0
0140422951,book_0140422951,,0.0,4.0
0064400565,book_0064400565,,0.0,4.0
014118146X,book_014118146X,,0.0,4.0
0061564818,book_0061564818,,0.0,4.0
0060736682,book_0060736682,,0.0,4.0
0061568007,book_0061568007,,0.0,4.0
0143120921,book_0143120921,,0.0,4.0
0060534621,book_0060534621,,0.0,4.0
0060922249,book_0060922249,,0.0,4.0
006058565X,book_006058565X,,0.0,4.0
0060883960,book_0060883960,,0.0,4.0
0071381392,book_0071381392,,0.0,4.0
0061999245,book_0061999245,,0.0,4.0
0061791083,book_0061791083,,0.0,4.0
006074068X,book_006074068X,,0.0,4.0
0143112325,book_0143112325,,0.0,4.0
0195033817,book_0195033817,,0.0,4.0
0061253758,book_0061253758,,0.0,4.0
0062121669,book_0062121669,,0.0,4.0
0151013896,book_0151013896,,0.0,4.0
006213115X,book_006213115X,,0.0,4.0
0061673455,book_0061673455,,0.0,4.0
0307243176,book_0307243176,,0.0,4.0
0143114948,book_0143114948,,0.0,4.0
0060675365,book_0060675365,,0.0,4.0
0060194170,book_0060194170,,0.0,4.0
0060776846,book_0060776846,,0.0,4.0
0061082759,book_0061082759,,0.0,4.0
030747691X,book_030747691X,,0.0,4.0
0151012121,book_0151012121,,0.0,4.0
0061565989,book_0061565989,,0.0,4.0
0061175617,book_0061175617,,0.0,4.0
0140143505,book_0140143505,,0.0,4.0
0140293442,book_0140293442,,0.0,4.0
0307458229,book_0307458229,,0.0,4.0
012386965X,book_012386965X,,0.0,4.0
0061766720,book_0061766720,,0.0,4.0
0060525134,book_0060525134,,0.0,4.0
0061083461,book_0061083461,,0.0,4.0
0062244752,book_0062244752,,0.0,4.0
0307267148,book_0307267148,,0.0,4.0
006103102X,book_006103102X,,0.0,4.0
0062073540,book_0062073540,,0.0,4.0
006123592X,book_006123592X,,0.0,4.0
0307390896,book_0307390896,,0.0,4.0
006196171X,book_006196171X,,0.0,4.0
0142003298,book_0142003298,,0.0,4.0
0307280721,book_0307280721,,0.0,4.0
0140157352,book_0140157352,,0.0,4.0
0140274995,book_0140274995,,0.0,4.0
0061287539,book_0061287539,,0.0,4.0
0131791133,book_0131791133,,0.0,4.0
0007344260,book_0007344260,,0.0,4.0
0061894567,book_0061894567,,0.0,4.0
0060838523,book_0060838523,,0.0,4.0
0143117882,book_0143117882,,0.0,4.0
0061791784,book_0061791784,,0.0,4.0
0061946869,book_0061946869,,0.0,4.0
0143121073,book_0143121073,,0.0,4.0
0007447094,book_0007447094,,0.0,4.0
0140436111,book_0140436111,,0.0,4.0
0195162471,book_0195162471,,0.0,4.0
0099766817,book_0099766817,,0.0,4.0
0140183957,book_0140183957,,0.0,4.0
0061986461,book_0061986461,,0.0,4.0
0140366717,book_0140366717,,0.0,4.0
0226771024,book_0226771024,,0.0,4.0
024052134X,book_024052134X,,0.0,4.0
0061131628,book_0061131628,,0.0,4.0
0061702560,book_0061702560,,0.0,4.0
0060735414,book_0060735414,,0.0,4.0
0140367462,book_0140367462,,0.0,4.0
0156006391,book_0156006391,,0.0,4.0
0142424935,book_0142424935,,0.0,4.0
0060759747,book_0060759747,,0.0,4.0
0064409635,book_0064409635,,0.0,4.0
006202017X,book_006202017X,,0.0,4.0
0060766867,book_0060766867,,0.0,4.0
0060543132,book_0060543132,,0.0,4.0
0143034766,book_0143034766,,0.0,4.0
0062019511,book_0062019511,,0.0,4.0
0143036610,book_0143036610,,0.0,4.0
0061124230,book_0061124230,,0.0,4.0
0061958522,book_0061958522,,0.0,4.0
0061236780,book_0061236780,,0.0,4.0
0061147702,book_0061147702,,0.0,4.0
0307390497,book_0307390497,,0.0,4.0
0099429837,book_0099429837,,0.0,4.0
0061458031,book_0061458031,,0.0,4.0
0062118110,book_0062118110,,0.0,4.0
014303460X,book_014303460X,,0.0,4.0
0151011818,book_0151011818,,0.0,4.0
0226493644,book_0226493644,,0.0,4.0
0307270688,book_0307270688,,0.0,4.0
024081181X,book_024081181X,,0.0,4.0
0062088947,book_0062088947,,0.0,4.0
0307476537,book_0307476537,,0.0,4.0
0060193409,book_0060193409,,0.0,4.0
0060581840,book_0060581840,,0.0,4.0
0307474844,book_0307474844,,0.0,4.0
020161622X,book_020161622X,,0.0,4.0
0060562382,book_0060562382,,0.0,4.0
0141439807,book_0141439807,,0.0,4.0
0141439866,book_0141439866,,0.0,4.0
0143037196,book_0143037196,,0.0,4.0
0060392991,book_0060392991,,0.0,4.0
0061990655,book_0061990655,,0.0,4.0
0061030430,book_0061030430,,0.0,4.0
0151014388,book_0151014388,,0.0,4.0
0307452891,book_0307452891,,0.0,4.0
0307353753,book_0307353753,,0.0,4.0
0307271609,book_0307271609,,0.0,4.0
0142003786,book_0142003786,,0.0,4.0
0142414123,book_0142414123,,0.0,4.0
0061459321,book_0061459321,,0.0,4.0
0061687219,book_0061687219,,0.0,4.0
014312093X,book_014312093X,,0.0,4.0
0230605745,book_0230605745,,0.0,4.0
0061744506,book_0061744506,,0.0,4.0
0142418595,book_0142418595,,0.0,4.0
0062267744,book_0062267744,,0.0,4.0
0091794463,book_0091794463,,0.0,4.0
0142003697,book_0142003697,,0.0,4.0
0061626813,book_0061626813,,0.0,4.0
0062224840,book_0062224840,,0.0,4.0
0099458322,book_0099458322,,0.0,4.0
0137032498,book_0137032498,,0.0,4.0
0062294776,book_0062294776,,0.0,4.0
0062517856,book_0062517856,,0.0,4.0
0141183780,book_0141183780,,0.0,4.0
0143112643,book_0143112643,,0.0,4.0
0143039717,book_0143039717,,0.0,4.0
0061012491,book_0061012491,,0.0,4.0
0061998249,book_0061998249,,0.0,4.0
0152058265,book_0152058265,,0.0,4.0
0140058508,book_0140058508,,0.0,4.0
0143123513,book_0143123513,,0.0,4.0
0060755814,book_0060755814,,0.0,4.0
0061375438,book_0061375438,,0.0,4.0
0307379663,book_0307379663,,0.0,4.0
0143037390,book_0143037390,,0.0,4.0
0143121545,book_0143121545,,0.0,4.0
0240811844,book_0240811844,,0.0,4.0
0061625108,book_0061625108,,0.0,4.0
0060935723,book_0060935723,,0.0,4.0
0152062106,book_0152062106,,0.0,4.0
0060086246,book_0060086246,,0.0,4.0
0142003816,book_0142003816,,0.0,4.0
006197885X,book_006197885X,,0.0,4.0
0137000634,book_0137000634,,0.0,4.0
0060838639,book_0060838639,,0.0,4.0
0307341542,book_0307341542,,0.0,4.0
0306810220,book_0306810220,,0.0,4.0
0061995193,book_0061995193,,0.0,4.0
0064410145,book_0064410145,,0.0,4.0
0306821664,book_0306821664,,0.0,4.0
0061043524,book_0061043524,,0.0,4.0
015101387X,book_015101387X,,0.0,4.0
0060582510,book_0060582510,,0.0,4.0
0142410969,book_0142410969,,0.0,4.0
0064408884,book_0064408884,,0.0,4.0
0240815203,book_0240815203,,0.0,4.0
0026309106,book_0026309106,,0.0,4.0
0061802549,book_0061802549,,0.0,4.0
0192835505,book_0192835505,,0.0,4.0
0140284583,book_0140284583,,0.0,4.0
0143036998,book_0143036998,,0.0,4.0
014014739X,book_014014739X,,0.0,4.0
0142002003,book_0142002003,,0.0,4.0
0156005050,book_0156005050,,0.0,4.0
0142423912,book_0142423912,,0.0,4.0
0060723939,book_0060723939,,0.0,4.0
0131494201,book_0131494201,,0.0,4.0
0307388913,book_0307388913,,0.0,4.0
0062022466,book_0062022466,,0.0,4.0
0151011206,book_0151011206,,0.0,4.0
0066213711,book_0066213711,,0.0,4.0
0140374566,book_0140374566,,0.0,4.0
0140445145,book_0140445145,,0.0,4.0
015100692X,book_015100692X,,0.0,4.0
0143117289,book_0143117289,,0.0,4.0
0143118056,book_0143118056,,0.0,4.0
0060555661,book_0060555661,,0.0,4.0
0307266761,book_0307266761,,0.0,4.0
0142002631,book_0142002631,,0.0,4.0
0297825038,book_0297825038,,0.0,4.0
0062276220,book_0062276220,,0.0,4.0
0141346159,book_0141346159,,0.0,4.0
0140231994,book_0140231994,,0.0,4.0
0060563478,book_0060563478,,0.0,4.0
0062049690,book_0062049690,,0.0,4.0
0062112902,book_0062112902,,0.0,4.0
0307395340,book_0307395340,,0.0,4.0
0141331879,book_0141331879,,0.0,4.0
0060525096,book_0060525096,,0.0,4.0
0137153856,book_0137153856,,0.0,4.0
0061662577,book_0061662577,,0.0,4.0
0060894083,book_0060894083,,0.0,4.0
030727795X,book_030727795X,,0.0,4.0
0132616254,book_0132616254,,0.0,4.0
0060555513,book_0060555513,,0.0,4.0
0307457729,book_0307457729,,0.0,4.0
0142408492,book_0142408492,,0.0,4.0
0143113445,book_0143113445,,0.0,4.0
0307379760,book_0307379760,,0.0,4.0
0263873668,book_0263873668,,0.0,4.0
0141180390,book_0141180390,,0.0,4.0
014311977X,book_014311977X,,0.0,4.0
0061451835,book_0061451835,,0.0,4.0
030727571X,book_030727571X,,0.0,4.0
0133121070,book_0133121070,,0.0,4.0
0099494140,book_0099494140,,0.0,4.0
0061173452,book_0061173452,,0.0,4.0
0026070510,book_0026070510,,0.0,4.0
0201479486,book_0201479486,,0.0,4.0
0002310899,book_0002310899,,0.0,4.0
0307272400,book_0307272400,,0.0,4.0
0062231340,book_0062231340,,0.0,4.0
0061373516,book_0061373516,,0.0,4.0
0062117203,book_0062117203,,0.0,4.0
0060890312,book_0060890312,,0.0,4.0
015206513X,book_015206513X,,0.0,4.0
0064410129,book_0064410129,,0.0,4.0
0140061401,book_0140061401,,0.0,4.0
0061449725,book_0061449725,,0.0,4.0
0136136680,book_0136136680,,0.0,4.0
0307277712,book_0307277712,,0.0,4.0
0061239550,book_0061239550,,0.0,4.0
014241557X,book_014241557X,,0.0,4.0
0140447644,book_0140447644,,0.0,4.0
0140265686,book_0140265686,,0.0,4.0
0062012096,book_0062012096,,0.0,4.0
0307357066,book_0307357066,,0.0,4.0
0307388328,book_0307388328,,0.0,4.0
0156030357,book_0156030357,,0.0,4.0
0143142232,book_0143142232,,0.0,4.0
0060750863,book_0060750863,,0.0,4.0
0060736615,book_0060736615,,0.0,4.0
0061766143,book_0061766143,,0.0,4.0
0061730904,book_0061730904,,0.0,4.0
0156345706,book_0156345706,,0.0,4.0
0064431436,book_0064431436,,0.0,4.0
0060584033,book_0060584033,,0.0,4.0
0307396266,book_0307396266,,0.0,4.0
006053821X,book_006053821X,,0.0,4.0
0061906077,book_0061906077,,0.0,4.0
0307464997,book_0307464997,,0.0,4.0
0062108050,book_0062108050,,0.0,4.0
0140189378,book_0140189378,,0.0,4.0
0060764864,book_0060764864,,0.0,4.0
0062119796,book_0062119796,,0.0,4.0
0240521811,book_0240521811,,0.0,4.0
0143170104,book_0143170104,,0.0,4.0
0061438596,book_0061438596,,0.0,4.0
0131490508,book_0131490508,,0.0,4.0
006199605X,book_006199605X,,0.0,4.0
0123822297,book_0123822297,,0.0,4.0
0224050184,book_0224050184,,0.0,4.0
006168872X,book_006168872X,,0.0,4.0
0142003379,book_0142003379,,0.0,4.0
0062066390,book_0062066390,,0.0,4.0
0061996165,book_0061996165,,0.0,4.0
0307463745,book_0307463745,,0.0,4.0
006054144X,book_006054144X,,0.0,4.0
0060724226,book_0060724226,,0.0,4.0
0151014213,book_0151014213,,0.0,4.0
014303457X,book_014303457X,,0.0,4.0
0062120166,book_0062120166,,0.0,4.0
0151012113,book_0151012113,,0.0,4.0
0142004375,book_0142004375,,0.0,4.0
0143035606,book_0143035606,,0.0,4.0
0061782203,book_0061782203,,0.0,4.0
006113967X,book_006113967X,,0.0,4.0
0307272591,book_0307272591,,0.0,4.0
0061667862,book_0061667862,,0.0,4.0
0060733071,book_0060733071,,0.0,4.0
0061238619,book_0061238619,,0.0,4.0
0143038826,book_0143038826,,0.0,4.0
0060874465,book_0060874465,,0.0,4.0
0061245178,book_0061245178,,0.0,4.0
0064408086,book_0064408086,,0.0,4.0
0060298480,book_0060298480,,0.0,4.0
0060871059,book_0060871059,,0.0,4.0
0060195797,book_0060195797,,0.0,4.0
0061003263,book_0061003263,,0.0,4.0
0062132466,book_0062132466,,0.0,4.0
0156029588,book_0156029588,,0.0,4.0
0307341836,book_0307341836,,0.0,4.0
0142410705,book_0142410705,,0.0,4.0
0061728608,book_0061728608,,0.0,4.0
0060527315,book_0060527315,,0.0,4.0
0307463249,book_0307463249,,0.0,4.0
0007120222,book_0007120222,,0.0,4.0
0140185232,book_0140185232,,0.0,4.0
0141040475,book_0141040475,,0.0,4.0
0061789089,book_0061789089,,0.0,4.0
0061853372,book_0061853372,,0.0,4.0
0061794708,book_0061794708,,0.0,4.0
0140165215,book_0140165215,,0.0,4.0
0140060286,book_0140060286,,0.0,4.0
0300030797,book_0300030797,,0.0,4.0
0061689459,book_0061689459,,0.0,4.0
0140440178,book_0140440178,,0.0,4.0
0195173384,book_0195173384,,0.0,4.0
0151009430,book_0151009430,,0.0,4.0
0062027891,book_0062027891,,0.0,4.0
0060874422,book_0060874422,,0.0,4.0
0240815092,book_0240815092,,0.0,4.0
0061684309,book_0061684309,,0.0,4.0
0307378888,book_0307378888,,0.0,4.0
0137020163,book_0137020163,,0.0,4.0
0307458997,book_0307458997,,0.0,4.0
0141194529,book_0141194529,,0.0,4.0
0062048279,book_0062048279,,0.0,4.0
0060889381,book_0060889381,,0.0,4.0
0060006900,book_0060006900,,0.0,4.0
0062299271,book_0062299271,,0.0,4.0
0240521897,book_0240521897,,0.0,4.0
030745715X,book_030745715X,,0.0,4.0
0306818485,book_0306818485,,0.0,4.0
0061576638,book_0061576638,,0.0,4.0
0060742755,book_0060742755,,0.0,4.0
0061244082,book_0061244082,,0.0,4.0
0062237470,book_0062237470,,0.0,4.0
0099429330,book_0099429330,,0.0,4.0
0230617506,book_0230617506,,0.0,4.0
0071383832,book_0071383832,,0.0,4.0
0140053204,book_0140053204,,0.0,4.0
006058310X,book_006058310X,,0.0,4.0
0143120212,book_0143120212,,0.0,4.0
0060741309,book_0060741309,,0.0,4.0
0064472833,book_0064472833,,0.0,4.0
0060896426,book_0060896426,,0.0,4.0
0142413836,book_0142413836,,0.0,4.0
0143035185,book_0143035185,,0.0,4.0
0061986313,book_0061986313,,0.0,4.0
0062235540,book_0062235540,,0.0,4.0
006019491X,book_006019491X,,0.0,4.0
0007194161,book_0007194161,,0.0,4.0
0062267582,book_0062267582,,0.0,4.0
0060533013,book_0060533013,,0.0,4.0
0062121030,book_0062121030,,0.0,4.0
0307462994,book_0307462994,,0.0,4.0
0062331159,book_0062331159,,0.0,4.0
0062069403,book_0062069403,,0.0,4.0
0007152531,book_0007152531,,0.0,4.0
0007447868,book_0007447868,,0.0,4.0
0061869724,book_0061869724,,0.0,4.0
0143122010,book_0143122010,,0.0,4.0
0062267493,book_0062267493,,0.0,4.0
0240813987,book_0240813987,,0.0,4.0
0061160911,book_0061160911,,0.0,4.0
0195310306,book_0195310306,,0.0,4.0
0307271633,book_0307271633,,0.0,4.0
0060554894,book_0060554894,,0.0,4.0
0062100319,book_0062100319,,0.0,4.0
0060788380,book_0060788380,,0.0,4.0
006117100X,book_006117100X,,0.0,4.0
0061147788,book_0061147788,,0.0,4.0
0062070142,book_0062070142,,0.0,4.0
0140189300,book_0140189300,,0.0,4.0
007144534X,book_007144534X,,0.0,4.0
0061132993,book_0061132993,,0.0,4.0
006056458X,book_006056458X,,0.0,4.0
0060509287,book_0060509287,,0.0,4.0
0060173858,book_0060173858,,0.0,4.0
0143144529,book_0143144529,,0.0,4.0
0007162219,book_0007162219,,0.0,4.0
0143123564,book_0143123564,,0.0,4.0
0060758279,book_0060758279,,0.0,4.0
0240814460,book_0240814460,,0.0,4.0
003061368X,book_003061368X,,0.0,4.0
0140274367,book_0140274367,,0.0,4.0
0195038630,book_0195038630,,0.0,4.0
0061474185,book_0061474185,,0.0,4.0
0307463214,book_0307463214,,0.0,4.0
0060888644,book_0060888644,,0.0,4.0
014242613X,book_014242613X,,0.0,4.0
0307455165,book_0307455165,,0.0,4.0
0062227289,book_0062227289,,0.0,4.0
0062107496,book_0062107496,,0.0,4.0
0307265439,book_0307265439,,0.0,4.0
003055442X,book_003055442X,,0.0,4.0
006123883X,book_006123883X,,0.0,4.0
0195040546,book_0195040546,,0.0,4.0
0307393674,book_0307393674,,0.0,4.0
0142000280,book_0142000280,,0.0,4.0
0060585439,book_0060585439,,0.0,4.0
0060518499,book_0060518499,,0.0,4.0
0230704131,book_0230704131,,0.0,4.0
0140188320,book_0140188320,,0.0,4.0
0300126964,book_0300126964,,0.0,4.0
0060540931,book_0060540931,,0.0,4.0
0062100025,book_0062100025,,0.0,4.0
0061963100,book_0061963100,,0.0,4.0
0062011995,book_0062011995,,0.0,4.0
0307452468,book_0307452468,,0.0,4.0
0143112074,book_0143112074,,0.0,4.0
0061257281,book_0061257281,,0.0,4.0
0307263436,book_0307263436,,0.0,4.0
0061997161,book_0061997161,,0.0,4.0
0060245867,book_0060245867,,0.0,4.0
0151005079,book_0151005079,,0.0,4.0
0141325305,book_0141325305,,0.0,4.0
006227371X,book_006227371X,,0.0,4.0
0060694424,book_0060694424,,0.0,4.0
0061136662,book_0061136662,,0.0,4.0
0062236733,book_0062236733,,0.0,4.0
0062279874,book_0062279874,,0.0,4.0
006144586X,book_006144586X,,0.0,4.0
0140167943,book_0140167943,,0.0,4.0
014311767X,book_014311767X,,0.0,4.0
006170301X,book_006170301X,,0.0,4.0
0195088476,book_0195088476,,0.0,4.0
0300108656,book_0300108656,,0.0,4.0
0061242411,book_0061242411,,0.0,4.0
0143121634,book_0143121634,,0.0,4.0
0143120700,book_0143120700,,0.0,4.0
0132932075,book_0132932075,,0.0,4.0
0061139106,book_0061139106,,0.0,4.0
015205507X,book_015205507X,,0.0,4.0
0151015457,book_0151015457,,0.0,4.0
0141181230,book_0141181230,,0.0,4.0
0300140169,book_0300140169,,0.0,4.0
0143124463,book_0143124463,,0.0,4.0
0151002967,book_0151002967,,0.0,4.0
0061373648,book_0061373648,,0.0,4.0
014044100X,book_014044100X,,0.0,4.0
0141339195,book_0141339195,,0.0,4.0
006196963X,book_006196963X,,0.0,4.0
0307460185,book_0307460185,,0.0,4.0
0007622880,book_0007622880,,0.0,4.0
009950569X,book_009950569X,,0.0,4.0
0152055576,book_0152055576,,0.0,4.0
0061662836,book_0061662836,,0.0,4.0
0140367438,book_0140367438,,0.0,4.0
0062271725,book_0062271725,,0.0,4.0
0195311450,book_0195311450,,0.0,4.0
0061351202,book_0061351202,,0.0,4.0
0099406136,book_0099406136,,0.0,4.0
0137020171,book_0137020171,,0.0,4.0
0062019708,book_0062019708,,0.0,4.0
0143118951,book_0143118951,,0.0,4.0
019285352X,book_019285352X,,0.0,4.0
0195124731,book_0195124731,,0.0,4.0
0099507390,book_0099507390,,0.0,4.0
0061950998,book_0061950998,,0.0,4.0
0062107518,book_0062107518,,0.0,4.0
0060765313,book_0060765313,,0.0,4.0
0062024671,book_0062024671,,0.0,4.0
014034912X,book_014034912X,,0.0,4.0
0060188952,book_0060188952,,0.0,4.0
0061951641,book_0061951641,,0.0,4.0
006194100X,book_006194100X,,0.0,4.0
0140437525,book_0140437525,,0.0,4.0
0060777109,book_0060777109,,0.0,4.0
0061735825,book_0061735825,,0.0,4.0
0143115618,book_0143115618,,0.0,4.0
0062074342,book_0062074342,,0.0,4.0
0140501738,book_0140501738,,0.0,4.0
0143034480,book_0143034480,,0.0,4.0
0062019309,book_0062019309,,0.0,4.0
0061547484,book_0061547484,,0.0,4.0
0143114085,book_0143114085,,0.0,4.0
0143118749,book_0143118749,,0.0,4.0
0062008137,book_0062008137,,0.0,4.0
0156029669,book_0156029669,,0.0,4.0
0140374515,book_0140374515,,0.0,4.0
0151011850,book_0151011850,,0.0,4.0
0061989207,book_0061989207,,0.0,4.0
0060914289,book_0060914289,,0.0,4.0
0060391502,book_0060391502,,0.0,4.0
0140266909,book_0140266909,,0.0,4.0
0140280553,book_0140280553,,0.0,4.0
0307361047,book_0307361047,,0.0,4.0
0307390942,book_0307390942,,0.0,4.0
0060971460,book_0060971460,,0.0,4.0
0061731161,book_0061731161,,0.0,4.0
0307408493,book_0307408493,,0.0,4.0
0062085530,book_0062085530,,0.0,4.0
0062064835,book_0062064835,,0.0,4.0
0061870935,book_0061870935,,0.0,4.0
0061898767,book_0061898767,,0.0,4.0
0151997357,book_0151997357,,0.0,4.0
0062242490,book_0062242490,,0.0,4.0
0151012377,book_0151012377,,0.0,4.0
0061256706,book_0061256706,,0.0,4.0
0307267520,book_0307267520,,0.0,4.0
0060937424,book_0060937424,,0.0,4.0
0142421367,book_0142421367,,0.0,4.0
007174875X,book_007174875X,,0.0,4.0
0061962155,book_0061962155,,0.0,4.0
0060746408,book_0060746408,,0.0,4.0
0061472808,book_0061472808,,0.0,4.0
0140481303,book_0140481303,,0.0,4.0
0061438448,book_0061438448,,0.0,4.0
0141337168,book_0141337168,,0.0,4.0
0195141830,book_0195141830,,0.0,4.0
019283620X,book_019283620X,,0.0,4.0
0007111347,book_0007111347,,0.0,4.0
0307265374,book_0307265374,,0.0,4.0
0195146166,book_0195146166,,0.0,4.0
0061136956,book_0061136956,,0.0,4.0
0061470481,book_0061470481,,0.0,4.0
0307266745,book_0307266745,,0.0,4.0
0140449108,book_0140449108,,0.0,4.0
0061926620,book_0061926620,,0.0,4.0
0307268322,book_0307268322,,0.0,4.0
0062103083,book_0062103083,,0.0,4.0
014044503X,book_014044503X,,0.0,4.0
0099287595,book_0099287595,,0.0,4.0
0307346498,book_0307346498,,0.0,4.0
014029628X,book_014029628X,,0.0,4.0
0060581859,book_0060581859,,0.0,4.0
0099490625,book_0099490625,,0.0,4.0
0099498049,book_0099498049,,0.0,4.0
0143038389,book_0143038389,,0.0,4.0
0062197630,book_0062197630,,0.0,4.0
0061956953,book_0061956953,,0.0,4.0
006201949X,book_006201949X,,0.0,4.0
0143038079,book_0143038079,,0.0,4.0
0060723831,book_0060723831,,0.0,4.0
0307379051,book_0307379051,,0.0,4.0
0061876747,book_0061876747,,0.0,4.0
006188569X,book_006188569X,,0.0,4.0
0143112163,book_0143112163,,0.0,4.0
0142004855,book_0142004855,,0.0,4.0
0140441840,book_0140441840,,0.0,4.0
014311252X,book_014311252X,,0.0,4.0
0152062165,book_0152062165,,0.0,4.0
015101325X,book_015101325X,,0.0,4.0
0061150401,book_0061150401,,0.0,4.0
0195174550,book_0195174550,,0.0,4.0
0307446549,book_0307446549,,0.0,4.0
0061964417,book_0061964417,,0.0,4.0
0061215325,book_0061215325,,0.0,4.0
0142000604,book_0142000604,,0.0,4.0
0143120751,book_0143120751,,0.0,4.0
0151011400,book_0151011400,,0.0,4.0
0061149047,book_0061149047,,0.0,4.0
0061806382,book_0061806382,,0.0,4.0
0240811755,book_0240811755,,0.0,4.0
0060937742,book_0060937742,,0.0,4.0
014303698X,book_014303698X,,0.0,4.0
030738781X,book_030738781X,,0.0,4.0
0226104036,book_0226104036,,0.0,4.0
0151014485,book_0151014485,,0.0,4.0
0143038400,book_0143038400,,0.0,4.0
0137050127,book_0137050127,,0.0,4.0
0140367470,book_0140367470,,0.0,4.0
0143120131,book_0143120131,,0.0,4.0
0140094385,book_0140094385,,0.0,4.0
0307396207,book_0307396207,,0.0,4.0
0060282282,book_0060282282,,0.0,4.0
0060572965,book_0060572965,,0.0,4.0
0061466492,book_0061466492,,0.0,4.0
006019247X,book_006019247X,,0.0,4.0
0061576603,book_0061576603,,0.0,4.0
0060669357,book_0060669357,,0.0,4.0
0141182342,book_0141182342,,0.0,4.0
0060824115,book_0060824115,,0.0,4.0
0061995541,book_0061995541,,0.0,4.0
0140440720,book_0140440720,,0.0,4.0
0152060030,book_0152060030,,0.0,4.0
0060884614,book_0060884614,,0.0,4.0
0061999229,book_0061999229,,0.0,4.0
0143114271,book_0143114271,,0.0,4.0
0062078178,book_0062078178,,0.0,4.0
0061923001,book_0061923001,,0.0,4.0
0143037285,book_0143037285,,0.0,4.0
0064472825,book_0064472825,,0.0,4.0
0143112740,book_0143112740,,0.0,4.0
0307476405,book_0307476405,,0.0,4.0
0060874228,book_0060874228,,0.0,4.0
030746380X,book_030746380X,,0.0,4.0
0142001805,book_0142001805,,0.0,4.0
0307382117,book_0307382117,,0.0,4.0
0195066340,book_0195066340,,0.0,4.0
0060739592,book_0060739592,,0.0,4.0
0140434968,book_0140434968,,0.0,4.0
0152047328,book_0152047328,,0.0,4.0
0307275477,book_0307275477,,0.0,4.0
0152050167,book_0152050167,,0.0,4.0
0060927941,book_0060927941,,0.0,4.0
0060843233,book_0060843233,,0.0,4.0
0198227418,book_0198227418,,0.0,4.0
000615591X,book_000615591X,,0.0,4.0
0060874163,book_0060874163,,0.0,4.0
0060575018,book_0060575018,,0.0,4.0
013228751X,book_013228751X,,0.0,4.0
006125701X,book_006125701X,,0.0,4.0
0060509066,book_0060509066,,0.0,4.0
0061231398,book_0061231398,,0.0,4.0
0099558068,book_0099558068,,0.0,4.0
0061974552,book_0061974552,,0.0,4.0
0062073877,book_0062073877,,0.0,4.0
006172680X,book_006172680X,,0.0,4.0
015101423X,book_015101423X,,0.0,4.0
0061470880,book_0061470880,,0.0,4.0
0061922315,book_0061922315,,0.0,4.0
0060929510,book_0060929510,,0.0,4.0
0007519532,book_0007519532,,0.0,4.0
0060932740,book_0060932740,,0.0,4.0
0060542098,book_0060542098,,0.0,4.0
0307284042,book_0307284042,,0.0,4.0
0142420891,book_0142420891,,0.0,4.0
0140431594,book_0140431594,,0.0,4.0
0142004596,book_0142004596,,0.0,4.0
0060565160,book_0060565160,,0.0,4.0
0061020052,book_0061020052,,0.0,4.0
0060722304,book_0060722304,,0.0,4.0
007141858X,book_007141858X,,0.0,4.0
0307272095,book_0307272095,,0.0,4.0
0140259775,book_0140259775,,0.0,4.0
0061032468,book_0061032468,,0.0,4.0
0060505249,book_0060505249,,0.0,4.0
0060561629,book_0060561629,,0.0,4.0
0062229818,book_0062229818,,0.0,4.0
0062271377,book_0062271377,,0.0,4.0
0060916575,book_0060916575,,0.0,4.0
0240817281,book_0240817281,,0.0,4.0
0151005648,book_0151005648,,0.0,4.0
0156005832,book_0156005832,,0.0,4.0
0143142437,book_0143142437,,0.0,4.0
0061827010,book_0061827010,,0.0,4.0
015201540X,book_015201540X,,0.0,4.0
006206777X,book_006206777X,,0.0,4.0
0061773964,book_0061773964,,0.0,4.0
0307021343,book_0307021343,,0.0,4.0
0061916048,book_0061916048,,0.0,4.0
0061714313,book_0061714313,,0.0,4.0
0061774154,book_0061774154,,0.0,4.0
0240811739,book_0240811739,,0.0,4.0
0307474615,book_0307474615,,0.0,4.0
0061450758,book_0061450758,,0.0,4.0
0151014736,book_0151014736,,0.0,4.0
0195372751,book_0195372751,,0.0,4.0
0307378217,book_0307378217,,0.0,4.0
006192296X,book_006192296X,,0.0,4.0
0141011475,book_0141011475,,0.0,4.0
0060755865,book_0060755865,,0.0,4.0
0307393860,book_0307393860,,0.0,4.0
0143115073,book_0143115073,,0.0,4.0
0062007289,book_0062007289,,0.0,4.0
0307393755,book_0307393755,,0.0,4.0
0061650706,book_0061650706,,0.0,4.0
0061252506,book_0061252506,,0.0,4.0
006227189X,book_006227189X,,0.0,4.0
0195395255,book_0195395255,,0.0,4.0
0131486039,book_0131486039,,0.0,4.0
0062024035,book_0062024035,,0.0,4.0
015101101X,book_015101101X,,0.0,4.0
0062002325,book_0062002325,,0.0,4.0
0230109411,book_0230109411,,0.0,4.0
0061702587,book_0061702587,,0.0,4.0
0141390271,book_0141390271,,0.0,4.0
0140431403,book_0140431403,,0.0,4.0
0060562722,book_0060562722,,0.0,4.0
0060809779,book_0060809779,,0.0,4.0
0152063846,book_0152063846,,0.0,4.0
0137055099,book_0137055099,,0.0,4.0
0132620197,book_0132620197,,0.0,4.0
0140434798,book_0140434798,,0.0,4.0
0195163494,book_0195163494,,0.0,4.0
0061431389,book_0061431389,,0.0,4.0
0062080830,book_0062080830,,0.0,4.0
0061998869,book_0061998869,,0.0,4.0
0061690317,book_0061690317,,0.0,4.0
0060932295,book_0060932295,,0.0,4.0
0060833459,book_0060833459,,0.0,4.0
0307266397,book_0307266397,,0.0,4.0
0240812220,book_0240812220,,0.0,4.0
0007257546,book_0007257546,,0.0,4.0
0140390057,book_0140390057,,0.0,4.0
0143038648,book_0143038648,,0.0,4.0
0061198757,book_0061198757,,0.0,4.0
0151014183,book_0151014183,,0.0,4.0
0060733748,book_0060733748,,0.0,4.0
0143120433,book_0143120433,,0.0,4.0
0142428493,book_0142428493,,0.0,4.0
0060820578,book_0060820578,,0.0,4.0
0062010972,book_0062010972,,0.0,4.0
0143104888,book_0143104888,,0.0,4.0
014101640X,book_014101640X,,0.0,4.0
0307461831,book_0307461831,,0.0,4.0
0143039105,book_0143039105,,0.0,4.0
0061373303,book_0061373303,,0.0,4.0
0060004878,book_0060004878,,0.0,4.0
0060266864,book_0060266864,,0.0,4.0
0060724676,book_0060724676,,0.0,4.0
0061241105,book_0061241105,,0.0,4.0
0307263193,book_0307263193,,0.0,4.0
0062134329,book_0062134329,,0.0,4.0
0062124218,book_0062124218,,0.0,4.0
0132947218,book_0132947218,,0.0,4.0
019953750X,book_019953750X,,0.0,4.0
0307268861,book_0307268861,,0.0,4.0
0143113526,book_0143113526,,0.0,4.0
0061013706,book_0061013706,,0.0,4.0
0156729156,book_0156729156,,0.0,4.0
0143059165,book_0143059165,,0.0,4.0
0060732806,book_0060732806,,0.0,4.0
0060596996,book_0060596996,,0.0,4.0
0062208527,book_0062208527,,0.0,4.0
0062135554,book_0062135554,,0.0,4.0
0141009829,book_0141009829,,0.0,4.0
0060803681,book_0060803681,,0.0,4.0
0307378748,book_0307378748,,0.0,4.0
0306814382,book_0306814382,,0.0,4.0
0143119168,book_0143119168,,0.0,4.0
0143035320,book_0143035320,,0.0,4.0
0060548266,book_0060548266,,0.0,4.0
0143144839,book_0143144839,,0.0,4.0
0140866205,book_0140866205,,0.0,4.0
0060841613,book_0060841613,,0.0,4.0
0142417793,book_0142417793,,0.0,4.0
0099189615,book_0099189615,,0.0,4.0
0192862154,book_0192862154,,0.0,4.0
0064406970,book_0064406970,,0.0,4.0
0061122807,book_0061122807,,0.0,4.0
0007410956,book_0007410956,,0.0,4.0
0131913611,book_0131913611,,0.0,4.0
0062078070,book_0062078070,,0.0,4.0
030728090X,book_030728090X,,0.0,4.0
0137015461,book_0137015461,,0.0,4.0
0142004715,book_0142004715,,0.0,4.0
0131451324,book_0131451324,,0.0,4.0
0061375330,book_0061375330,,0.0,4.0
0151002703,book_0151002703,,0.0,4.0
0195370147,book_0195370147,,0.0,4.0
0061443042,book_0061443042,,0.0,4.0
014018998X,book_014018998X,,0.0,4.0
0142419672,book_0142419672,,0.0,4.0
0061003751,book_0061003751,,0.0,4.0
0099282917,book_0099282917,,0.0,4.0
0143112538,book_0143112538,,0.0,4.0
0099457156,book_0099457156,,0.0,4.0
0060756659,book_0060756659,,0.0,4.0
0060776099,book_0060776099,,0.0,4.0
0099754916,book_0099754916,,0.0,4.0
0061852368,book_0061852368,,0.0,4.0
0143118242,book_0143118242,,0.0,4.0
0195067142,book_0195067142,,0.0,4.0
0307390705,book_0307390705,,0.0,4.0
0060520833,book_0060520833,,0.0,4.0
0060771747,book_0060771747,,0.0,4.0
0307352145,book_0307352145,,0.0,4.0
0307395022,book_0307395022,,0.0,4.0
0140086838,book_0140086838,,0.0,4.0
0307275485,book_0307275485,,0.0,4.0
0240814304,book_0240814304,,0.0,4.0
0142427489,book_0142427489,,0.0,4.0
0141180250,book_0141180250,,0.0,4.0
0061227331,book_0061227331,,0.0,4.0
0140286802,book_0140286802,,0.0,4.0
0143112392,book_0143112392,,0.0,4.0
0062317164,book_0062317164,,0.0,4.0
0062273264,book_0062273264,,0.0,4.0
0061629863,book_0061629863,,0.0,4.0
0061735175,book_0061735175,,0.0,4.0
0062024027,book_0062024027,,0.0,4.0
0143039164,book_0143039164,,0.0,4.0
0006530702,book_0006530702,,0.0,4.0
0060765240,book_0060765240,,0.0,4.0
0099436744,book_0099436744,,0.0,4.0
0062018213,book_0062018213,,0.0,4.0
0143117483,book_0143117483,,0.0,4.0
0060987103,book_0060987103,,0.0,4.0
0307459659,book_0307459659,,0.0,4.0
0142428094,book_0142428094,,0.0,4.0
0060872918,book_0060872918,,0.0,4.0
0142414131,book_0142414131,,0.0,4.0
0061229830,book_0061229830,,0.0,4.0
0151013977,book_0151013977,,0.0,4.0
0307452417,book_0307452417,,0.0,4.0
0062094475,book_0062094475,,0.0,4.0
0062227327,book_0062227327,,0.0,4.0
0307271722,book_0307271722,,0.0,4.0
0156000849,book_0156000849,,0.0,4.0
006207380X,book_006207380X,,0.0,4.0
0062114905,book_0062114905,,0.0,4.0
019932610X,book_019932610X,,0.0,4.0
0020427115,book_0020427115,,0.0,4.0
014242207X,book_014242207X,,0.0,4.0
0132779781,book_0132779781,,0.0,4.0
0061429880,book_0061429880,,0.0,4.0
0307387178,book_0307387178,,0.0,4.0
0062071858,book_0062071858,,0.0,4.0
009951169X,book_009951169X,,0.0,4.0
0062015664,book_0062015664,,0.0,4.0
0062217135,book_0062217135,,0.0,4.0
0141191430,book_0141191430,,0.0,4.0
0064473414,book_0064473414,,0.0,4.0
0060780649,book_0060780649,,0.0,4.0
0062065777,book_0062065777,,0.0,4.0
0307462234,book_0307462234,,0.0,4.0
0061092606,book_0061092606,,0.0,4.0
0060899689,book_0060899689,,0.0,4.0
0060583010,book_0060583010,,0.0,4.0
0061147710,book_0061147710,,0.0,4.0
019511552X,book_019511552X,,0.0,4.0
0192816977,book_0192816977,,0.0,4.0
0142419400,book_0142419400,,0.0,4.0
0061124974,book_0061124974,,0.0,4.0
0060722282,book_0060722282,,0.0,4.0
0007164785,book_0007164785,,0.0,4.0
0142428167,book_0142428167,,0.0,4.0
0062003933,book_0062003933,,0.0,4.0
0066210623,book_0066210623,,0.0,4.0
0195310225,book_0195310225,,0.0,4.0
0240812816,book_0240812816,,0.0,4.0
0141049871,book_0141049871,,0.0,4.0
013248966X,book_013248966X,,0.0,4.0
0131489070,book_0131489070,,0.0,4.0
0307268845,book_0307268845,,0.0,4.0
0060539836,book_0060539836,,0.0,4.0
0060975008,book_0060975008,,0.0,4.0
006202728X,book_006202728X,,0.0,4.0
0060890096,book_0060890096,,0.0,4.0
0061700126,book_0061700126,,0.0,4.0
0060521600,book_0060521600,,0.0,4.0
0064432106,book_0064432106,,0.0,4.0
0060724242,book_0060724242,,0.0,4.0
0060740744,book_0060740744,,0.0,4.0
0143034588,book_0143034588,,0.0,4.0
006063040X,book_006063040X,,0.0,4.0
0307277674,book_0307277674,,0.0,4.0
0062118781,book_0062118781,,0.0,4.0
0061147230,book_0061147230,,0.0,4.0
0007148976,book_0007148976,,0.0,4.0
012374914X,book_012374914X,,0.0,4.0
0006514952,book_0006514952,,0.0,4.0
0060581050,book_0060581050,,0.0,4.0
0307387305,book_0307387305,,0.0,4.0
0062120336,book_0062120336,,0.0,4.0
006143163X,book_006143163X,,0.0,4.0
0061778915,book_0061778915,,0.0,4.0
0060977744,book_0060977744,,0.0,4.0
006009527X,book_006009527X,,0.0,4.0
0002726874,book_0002726874,,0.0,4.0
0062121650,book_0062121650,,0.0,4.0
0060509120,book_0060509120,,0.0,4.0
0142002194,book_0142002194,,0.0,4.0
0061130400,book_0061130400,,0.0,4.0
0060582553,book_0060582553,,0.0,4.0
0143143719,book_0143143719,,0.0,4.0
0143120727,book_0143120727,,0.0,4.0
0060519541,book_0060519541,,0.0,4.0
0140147551,book_0140147551,,0.0,4.0
0143114107,book_0143114107,,0.0,4.0
0201483408,book_0201483408,,0.0,4.0
0142003727,book_0142003727,,0.0,4.0
0143116487,book_0143116487,,0.0,4.0
014241168X,book_014241168X,,0.0,4.0
0061922951,book_0061922951,,0.0,4.0
0199538794,book_0199538794,,0.0,4.0
0140258795,book_0140258795,,0.0,4.0
014312210X,book_014312210X,,0.0,4.0
0195397916,book_0195397916,,0.0,4.0
0060506695,book_0060506695,,0.0,4.0
0061629243,book_0061629243,,0.0,4.0
0060742690,book_0060742690,,0.0,4.0
0061240354,book_0061240354,,0.0,4.0
0062279483,book_0062279483,,0.0,4.0
0061098787,book_0061098787,,0.0,4.0
0062195409,book_0062195409,,0.0,4.0
0029238374,book_0029238374,,0.0,4.0
0060556579,book_0060556579,,0.0,4.0
0060652381,book_0060652381,,0.0,4.0
0060788194,book_0060788194,,0.0,4.0
0141321008,book_0141321008,,0.0,4.0
0307281620,book_0307281620,,0.0,4.0
0061691763,book_0061691763,,0.0,4.0
0307461351,book_0307461351,,0.0,4.0
006440174X,book_006440174X,,0.0,4.0
0062103768,book_0062103768,,0.0,4.0
0030574862,book_0030574862,,0.0,4.0
0060972122,book_0060972122,,0.0,4.0
0061057940,book_0061057940,,0.0,4.0
0140057072,book_0140057072,,0.0,4.0
0062064649,book_0062064649,,0.0,4.0
0062073583,book_0062073583,,0.0,4.0
0007171684,book_0007171684,,0.0,4.0
019517559X,book_019517559X,,0.0,4.0
0156013150,book_0156013150,,0.0,4.0
0156006308,book_0156006308,,0.0,4.0
0061059056,book_0061059056,,0.0,4.0
0140183574,book_0140183574,,0.0,4.0
0307342018,book_0307342018,,0.0,4.0
0141340762,book_0141340762,,0.0,4.0
0060837365,book_0060837365,,0.0,4.0
0142003050,book_0142003050,,0.0,4.0
0131858386,book_0131858386,,0.0,4.0
0141011459,book_0141011459,,0.0,4.0
0152022724,book_0152022724,,0.0,4.0
0071750290,book_0071750290,,0.0,4.0
030737937X,book_030737937X,,0.0,4.0
0060748389,book_0060748389,,0.0,4.0
0061246506,book_0061246506,,0.0,4.0
0061946370,book_0061946370,,0.0,4.0
0061766046,book_0061766046,,0.0,4.0
0151015333,book_0151015333,,0.0,4.0
000738422X,book_000738422X,,0.0,4.0
0062270397,book_0062270397,,0.0,4.0
0307407950,book_0307407950,,0.0,4.0
0307338185,book_0307338185,,0.0,4.0
0061928240,book_0061928240,,0.0,4.0
014303541X,book_014303541X,,0.0,4.0
0132875241,book_0132875241,,0.0,4.0
0140306013,book_0140306013,,0.0,4.0
0142428558,book_0142428558,,0.0,4.0
0061734764,book_0061734764,,0.0,4.0
0071453393,book_0071453393,,0.0,4.0
0141023384,book_0141023384,,0.0,4.0
0061240273,book_0061240273,,0.0,4.0
0142418722,book_0142418722,,0.0,4.0
0061827622,book_0061827622,,0.0,4.0
0140260897,book_0140260897,,0.0,4.0
0061560944,book_0061560944,,0.0,4.0
0151013969,book_0151013969,,0.0,4.0
0062267884,book_0062267884,,0.0,4.0
0099280752,book_0099280752,,0.0,4.0
0151012512,book_0151012512,,0.0,4.0
0143035762,book_0143035762,,0.0,4.0
0230113869,book_0230113869,,0.0,4.0
0060935782,book_0060935782,,0.0,4.0
0061255599,book_0061255599,,0.0,4.0
030738246X,book_030738246X,,0.0,4.0
0307457192,book_0307457192,,0.0,4.0
0071544100,book_0071544100,,0.0,4.0
014031072X,book_014031072X,,0.0,4.0
0143143743,book_0143143743,,0.0,4.0
0062292811,book_0062292811,,0.0,4.0
0099468123,book_0099468123,,0.0,4.0
0061257052,book_0061257052,,0.0,4.0
0140270590,book_0140270590,,0.0,4.0
0060543272,book_0060543272,,0.0,4.0
0099448785,book_0099448785,,0.0,4.0
0061233544,book_0061233544,,0.0,4.0
0060567058,book_0060567058,,0.0,4.0
0060973617,book_0060973617,,0.0,4.0
0060735066,book_0060735066,,0.0,4.0
0195314603,book_0195314603,,0.0,4.0
0240820770,book_0240820770,,0.0,4.0
0143117939,book_0143117939,,0.0,4.0
0132980932,book_0132980932,,0.0,4.0
0060842555,book_0060842555,,0.0,4.0
0060652942,book_0060652942,,0.0,4.0
0062229338,book_0062229338,,0.0,4.0
024081469X,book_024081469X,,0.0,4.0
0140714820,book_0140714820,,0.0,4.0
0028810252,book_0028810252,,0.0,4.0
0099515091,book_0099515091,,0.0,4.0
0240812581,book_0240812581,,0.0,4.0
0061474312,book_0061474312,,0.0,4.0
0062006061,book_0062006061,,0.0,4.0
0062008110,book_0062008110,,0.0,4.0
0140430032,book_0140430032,,0.0,4.0
0061479934,book_0061479934,,0.0,4.0
0060837551,book_0060837551,,0.0,4.0
0070480176,book_0070480176,,0.0,4.0
0062004794,book_0062004794,,0.0,4.0
0060775858,book_0060775858,,0.0,4.0
0061969702,book_0061969702,,0.0,4.0
0062114867,book_0062114867,,0.0,4.0
0060572973,book_0060572973,,0.0,4.0
0240811992,book_0240811992,,0.0,4.0
0307264882,book_0307264882,,0.0,4.0
0060928514,book_0060928514,,0.0,4.0
0062003259,book_0062003259,,0.0,4.0
0060094931,book_0060094931,,0.0,4.0
0062115413,book_0062115413,,0.0,4.0
0143059335,book_0143059335,,0.0,4.0
0061929573,book_0061929573,,0.0,4.0
0140230122,book_0140230122,,0.0,4.0
0060563907,book_0060563907,,0.0,4.0
0062280546,book_0062280546,,0.0,4.0
0141033436,book_0141033436,,0.0,4.0
0062130870,book_0062130870,,0.0,4.0
006447268X,book_006447268X,,0.0,4.0
0142414913,book_0142414913,,0.0,4.0
0141015357,book_0141015357,,0.0,4.0
0060772743,book_0060772743,,0.0,4.0
0060545526,book_0060545526,,0.0,4.0
0199753784,book_0199753784,,0.0,4.0
0028610105,book_0028610105,,0.0,4.0
0061771155,book_0061771155,,0.0,4.0
0307352072,book_0307352072,,0.0,4.0
0062074326,book_0062074326,,0.0,4.0
0061124028,book_0061124028,,0.0,4.0
0060959584,book_0060959584,,0.0,4.0
0140440577,book_0140440577,,0.0,4.0
0141325291,book_0141325291,,0.0,4.0
0062196243,book_0062196243,,0.0,4.0
0060747153,book_0060747153,,0.0,4.0
0140437649,book_0140437649,,0.0,4.0
0060096942,book_0060096942,,0.0,4.0
0307269647,book_0307269647,,0.0,4.0
0062020560,book_0062020560,,0.0,4.0
0140281630,book_0140281630,,0.0,4.0
0143113208,book_0143113208,,0.0,4.0
0062235591,book_0062235591,,0.0,4.0
0152001018,book_0152001018,,0.0,4.0
0131888633,book_0131888633,,0.0,4.0
0060692014,book_0060692014,,0.0,4.0
0233001506,book_0233001506,,0.0,4.0
0060578629,book_0060578629,,0.0,4.0
0151010749,book_0151010749,,0.0,4.0
0143122134,book_0143122134,,0.0,4.0
0061998575,book_0061998575,,0.0,4.0
0143186817,book_0143186817,,0.0,4.0
0140714766,book_0140714766,,0.0,4.0
0307278816,book_0307278816,,0.0,4.0
0060987359,book_0060987359,,0.0,4.0
0123750253,book_0123750253,,0.0,4.0
0060185163,book_0060185163,,0.0,4.0
0061783161,book_0061783161,,0.0,4.0
030726808X,book_030726808X,,0.0,4.0
0061235059,book_0061235059,,0.0,4.0
0061120669,book_0061120669,,0.0,4.0
0307378411,book_0307378411,,0.0,4.0
006087421X,book_006087421X,,0.0,4.0
0062195182,book_0062195182,,0.0,4.0
0061147974,book_0061147974,,0.0,4.0
0060937165,book_0060937165,,0.0,4.0
0307275841,book_0307275841,,0.0,4.0
0199976279,book_0199976279,,0.0,4.0
0133121291,book_0133121291,,0.0,4.0
0192834118,book_0192834118,,0.0,4.0
0060566272,book_0060566272,,0.0,4.0
0061284408,book_0061284408,,0.0,4.0
006085880X,book_006085880X,,0.0,4.0
0195148274,book_0195148274,,0.0,4.0
0061096113,book_0061096113,,0.0,4.0
0143116142,book_0143116142,,0.0,4.0
0142001287,book_0142001287,,0.0,4.0
0060766212,book_0060766212,,0.0,4.0
0142408425,book_0142408425,,0.0,4.0
0062268058,book_0062268058,,0.0,4.0
0240814177,book_0240814177,,0.0,4.0
006170654X,book_006170654X,,0.0,4.0
0062220969,book_0062220969,,0.0,4.0
0061433047,book_0061433047,,0.0,4.0
0060576170,book_0060576170,,0.0,4.0
0061493430,book_0061493430,,0.0,4.0
0307278999,book_0307278999,,0.0,4.0
0140437363,book_0140437363,,0.0,4.0
0307378497,book_0307378497,,0.0,4.0
0140259198,book_0140259198,,0.0,4.0
0141186860,book_0141186860,,0.0,4.0
0140434917,book_0140434917,,0.0,4.0
0230623182,book_0230623182,,0.0,4.0
0151006539,book_0151006539,,0.0,4.0
0141312343,book_0141312343,,0.0,4.0
0152052216,book_0152052216,,0.0,4.0
0061043494,book_0061043494,,0.0,4.0
0060652934,book_0060652934,,0.0,4.0
0141441453,book_0141441453,,0.0,4.0
0061668060,book_0061668060,,0.0,4.0
0061998974,book_0061998974,,0.0,4.0
0061091316,book_0061091316,,0.0,4.0
0143037218,book_0143037218,,0.0,4.0
006208576X,book_006208576X,,0.0,4.0
0152045627,book_0152045627,,0.0,4.0
0306809133,book_0306809133,,0.0,4.0
0062103172,book_0062103172,,0.0,4.0
0140285601,book_0140285601,,0.0,4.0
014010870X,book_014010870X,,0.0,4.0
0307275558,book_0307275558,,0.0,4.0
0143121316,book_0143121316,,0.0,4.0
0062292927,book_0062292927,,0.0,4.0
0307268071,book_0307268071,,0.0,4.0
0140131558,book_0140131558,,0.0,4.0
0062068628,book_0062068628,,0.0,4.0
0156028794,book_0156028794,,0.0,4.0
0140154078,book_0140154078,,0.0,4.0
0060876271,book_0060876271,,0.0,4.0
0060932147,book_0060932147,,0.0,4.0
0062229907,book_0062229907,,0.0,4.0
0307460983,book_0307460983,,0.0,4.0
0156001411,book_0156001411,,0.0,4.0
0140150749,book_0140150749,,0.0,4.0
0062219251,book_0062219251,,0.0,4.0
006195165X,book_006195165X,,0.0,4.0
0061834580,book_0061834580,,0.0,4.0
0060899220,book_0060899220,,0.0,4.0
0061241709,book_0061241709,,0.0,4.0
0061928224,book_0061928224,,0.0,4.0
0060781009,book_0060781009,,0.0,4.0
0060848324,book_0060848324,,0.0,4.0
0060899026,book_0060899026,,0.0,4.0
0006388515,book_0006388515,,0.0,4.0
0060742151,book_0060742151,,0.0,4.0
0062187457,book_0062187457,,0.0,4.0
006156754X,book_006156754X,,0.0,4.0
0062734172,book_0062734172,,0.0,4.0
0060734833,book_0060734833,,0.0,4.0
0060530677,book_0060530677,,0.0,4.0
0142418587,book_0142418587,,0.0,4.0
0062084771,book_0062084771,,0.0,4.0
0062060716,book_0062060716,,0.0,4.0
0140152741,book_0140152741,,0.0,4.0
013706506X,book_013706506X,,0.0,4.0
0132905337,book_0132905337,,0.0,4.0
0061143170,book_0061143170,,0.0,4.0
0151008469,book_0151008469,,0.0,4.0
0142414530,book_0142414530,,0.0,4.0
0192833677,book_0192833677,,0.0,4.0
0061472573,book_0061472573,,0.0,4.0
0143145444,book_0143145444,,0.0,4.0
0062213024,book_0062213024,,0.0,4.0
0142405787,book_0142405787,,0.0,4.0
0061985813,book_0061985813,,0.0,4.0
0061458457,book_0061458457,,0.0,4.0
0141185430,book_0141185430,,0.0,4.0
0061655961,book_0061655961,,0.0,4.0
0060926201,book_0060926201,,0.0,4.0
0060693339,book_0060693339,,0.0,4.0
014025448X,book_014025448X,,0.0,4.0
006168984X,book_006168984X,,0.0,4.0
0141301163,book_0141301163,,0.0,4.0
0061989339,book_0061989339,,0.0,4.0
0080466176,book_0080466176,,0.0,4.0
0143035630,book_0143035630,,0.0,4.0
0064431835,book_0064431835,,0.0,4.0
0007269854,book_0007269854,,0.0,4.0
0142427799,book_0142427799,,0.0,4.0
014311686X,book_014311686X,,0.0,4.0
014044257X,book_014044257X,,0.0,4.0
0137023480,book_0137023480,,0.0,4.0
0140437614,book_0140437614,,0.0,4.0
0151015163,book_0151015163,,0.0,4.0
0061235067,book_0061235067,,0.0,4.0
0141001895,book_0141001895,,0.0,4.0
000222383X,book_000222383X,,0.0,4.0
0061624780,book_0061624780,,0.0,4.0
0142418471,book_0142418471,,0.0,4.0
0140860193,book_0140860193,,0.0,4.0
0143122681,book_0143122681,,0.0,4.0
0307278867,book_0307278867,,0.0,4.0
0061734012,book_0061734012,,0.0,4.0
006017143X,book_006017143X,,0.0,4.0
0307461475,book_0307461475,,0.0,4.0
0061802085,book_0061802085,,0.0,4.0
0123757177,book_0123757177,,0.0,4.0
0061962767,book_0061962767,,0.0,4.0
0062242466,book_0062242466,,0.0,4.0
0140185003,book_0140185003,,0.0,4.0
0307338460,book_0307338460,,0.0,4.0
0140390448,book_0140390448,,0.0,4.0
0132180235,book_0132180235,,0.0,4.0
0141441178,book_0141441178,,0.0,4.0
0061963739,book_0061963739,,0.0,4.0
030726811X,book_030726811X,,0.0,4.0
0099448769,book_0099448769,,0.0,4.0
0061995037,book_0061995037,,0.0,4.0
0060890746,book_0060890746,,0.0,4.0
0099527561,book_0099527561,,0.0,4.0
0062073737,book_0062073737,,0.0,4.0
0230706495,book_0230706495,,0.0,4.0
0142001104,book_0142001104,,0.0,4.0
0007193181,book_0007193181,,0.0,4.0
0060502797,book_0060502797,,0.0,4.0
0062025791,book_0062025791,,0.0,4.0
0192805991,book_0192805991,,0.0,4.0
0061733954,book_0061733954,,0.0,4.0
0071628592,book_0071628592,,0.0,4.0
0140257934,book_0140257934,,0.0,4.0
0062078119,book_0062078119,,0.0,4.0
0061728306,book_0061728306,,0.0,4.0
0143117262,book_0143117262,,0.0,4.0
0061138010,book_0061138010,,0.0,4.0
0061161357,book_0061161357,,0.0,4.0
0062068636,book_0062068636,,0.0,4.0
0060761296,book_0060761296,,0.0,4.0
0006499708,book_0006499708,,0.0,4.0
006000438X,book_006000438X,,0.0,4.0
0240814932,book_0240814932,,0.0,4.0
0007141785,book_0007141785,,0.0,4.0
0062019856,book_0062019856,,0.0,4.0
0142429112,book_0142429112,,0.0,4.0
0123742641,book_0123742641,,0.0,4.0
0263887790,book_0263887790,,0.0,4.0
0060595035,book_0060595035,,0.0,4.0
0195078225,book_0195078225,,0.0,4.0
0060731478,book_0060731478,,0.0,4.0
0062070231,book_0062070231,,0.0,4.0
0061735051,book_0061735051,,0.0,4.0
0060872675,book_0060872675,,0.0,4.0
0143113402,book_0143113402,,0.0,4.0
0061142379,book_0061142379,,0.0,4.0
014044906X,book_014044906X,,0.0,4.0
0061963046,book_0061963046,,0.0,4.0
0061233331,book_0061233331,,0.0,4.0
0060006765,book_0060006765,,0.0,4.0
0195374525,book_0195374525,,0.0,4.0
0151010986,book_0151010986,,0.0,4.0
030740711X,book_030740711X,,0.0,4.0
0030491266,book_0030491266,,0.0,4.0
0240522389,book_0240522389,,0.0,4.0
0307265617,book_0307265617,,0.0,4.0
0061127523,book_0061127523,,0.0,4.0
0142003840,book_0142003840,,0.0,4.0
0140431020,book_0140431020,,0.0,4.0
0060571187,book_0060571187,,0.0,4.0
0061988405,book_0061988405,,0.0,4.0
0061989991,book_0061989991,,0.0,4.0
0062201808,book_0062201808,,0.0,4.0
0143117637,book_0143117637,,0.0,4.0
0143142801,book_0143142801,,0.0,4.0
0240815173,book_0240815173,,0.0,4.0
0060740221,book_0060740221,,0.0,4.0
0306812983,book_0306812983,,0.0,4.0
0226141799,book_0226141799,,0.0,4.0
0060506075,book_0060506075,,0.0,4.0
0262541157,book_0262541157,,0.0,4.0
0061170437,book_0061170437,,0.0,4.0
0060766204,book_0060766204,,0.0,4.0
0307381366,book_0307381366,,0.0,4.0
006077939X,book_006077939X,,0.0,4.0
0261103288,book_0261103288,,0.0,4.0
0142180106,book_0142180106,,0.0,4.0
0061997129,book_0061997129,,0.0,4.0
0062009265,book_0062009265,,0.0,4.0
0061691399,book_0061691399,,0.0,4.0
0061958093,book_0061958093,,0.0,4.0
0307473546,book_0307473546,,0.0,4.0
006075737X,book_006075737X,,0.0,4.0
0240810880,book_0240810880,,0.0,4.0
0240817664,book_0240817664,,0.0,4.0
0240812107,book_0240812107,,0.0,4.0
0140424385,book_0140424385,,0.0,4.0
0062077562,book_0062077562,,0.0,4.0
0062049984,book_0062049984,,0.0,4.0
0151005613,book_0151005613,,0.0,4.0
0061429899,book_0061429899,,0.0,4.0
0307278360,book_0307278360,,0.0,4.0
0060755334,book_0060755334,,0.0,4.0
0060734558,book_0060734558,,0.0,4.0
0061776793,book_0061776793,,0.0,4.0
0060002107,book_0060002107,,0.0,4.0
014311882X,book_014311882X,,0.0,4.0
0140153217,book_0140153217,,0.0,4.0
0061148075,book_0061148075,,0.0,4.0
0062313169,book_0062313169,,0.0,4.0
006103018X,book_006103018X,,0.0,4.0
0142404152,book_0142404152,,0.0,4.0
0061573132,book_0061573132,,0.0,4.0
0060008725,book_0060008725,,0.0,4.0
0060005548,book_0060005548,,0.0,4.0
0061566160,book_0061566160,,0.0,4.0
0307277488,book_0307277488,,0.0,4.0
0307266303,book_0307266303,,0.0,4.0
0140390154,book_0140390154,,0.0,4.0
0142500275,book_0142500275,,0.0,4.0
0060820829,book_0060820829,,0.0,4.0
0140186956,book_0140186956,,0.0,4.0
015101289X,book_015101289X,,0.0,4.0
0060565446,book_0060565446,,0.0,4.0
0061958549,book_0061958549,,0.0,4.0
0060508116,book_0060508116,,0.0,4.0
0061128856,book_0061128856,,0.0,4.0
0061373230,book_0061373230,,0.0,4.0
014044792X,book_014044792X,,0.0,4.0
0141013451,book_0141013451,,0.0,4.0
014312479X,book_014312479X,,0.0,4.0
0143036912,book_0143036912,,0.0,4.0
0099461269,book_0099461269,,0.0,4.0
0143035622,book_0143035622,,0.0,4.0
0307387127,book_0307387127,,0.0,4.0
0140042520,book_0140042520,,0.0,4.0
0307461548,book_0307461548,,0.0,4.0
006145205X,book_006145205X,,0.0,4.0
0147509718,book_0147509718,,0.0,4.0
0199964270,book_0199964270,,0.0,4.0
0061582573,book_0061582573,,0.0,4.0
014310487X,book_014310487X,,0.0,4.0
006087273X,book_006087273X,,0.0,4.0
0060765364,book_0060765364,,0.0,4.0
0061122262,book_0061122262,,0.0,4.0
0061734780,book_0061734780,,0.0,4.0
0307461661,book_0307461661,,0.0,4.0
0061988421,book_0061988421,,0.0,4.0
0062273574,book_0062273574,,0.0,4.0
0062069144,book_0062069144,,0.0,4.0
0099448378,book_0099448378,,0.0,4.0
006051261X,book_006051261X,,0.0,4.0
0143125311,book_0143125311,,0.0,4.0
0143038273,book_0143038273,,0.0,4.0
0140430903,book_0140430903,,0.0,4.0
0061914681,book_0061914681,,0.0,4.0
0143036114,book_0143036114,,0.0,4.0
0141441542,book_0141441542,,0.0,4.0
0060955899,book_0060955899,,0.0,4.0
0061493856,book_0061493856,,0.0,4.0
0141310073,book_0141310073,,0.0,4.0
0061214736,book_0061214736,,0.0,4.0
0060931175,book_0060931175,,0.0,4.0
0140060898,book_0140060898,,0.0,4.0
0140096507,book_0140096507,,0.0,4.0
0062265946,book_0062265946,,0.0,4.0
0061995347,book_0061995347,,0.0,4.0
0192835610,book_0192835610,,0.0,4.0
0151007640,book_0151007640,,0.0,4.0
0140139400,book_0140139400,,0.0,4.0
0132350009,book_0132350009,,0.0,4.0
0143123327,book_0143123327,,0.0,4.0
0307383024,book_0307383024,,0.0,4.0
0307338231,book_0307338231,,0.0,4.0
0062224077,book_0062224077,,0.0,4.0
0061662550,book_0061662550,,0.0,4.0
0141331860,book_0141331860,,0.0,4.0
0060777044,book_0060777044,,0.0,4.0
0060787112,book_0060787112,,0.0,4.0
0240815335,book_0240815335,,0.0,4.0
0061456748,book_0061456748,,0.0,4.0
0061566071,book_0061566071,,0.0,4.0
0060145765,book_0060145765,,0.0,4.0
0060731427,book_0060731427,,0.0,4.0
0061429252,book_0061429252,,0.0,4.0
0224042963,book_0224042963,,0.0,4.0
0061651605,book_0061651605,,0.0,4.0
0062282263,book_0062282263,,0.0,4.0
0061670871,book_0061670871,,0.0,4.0
0142800031,book_0142800031,,0.0,4.0
0140284087,book_0140284087,,0.0,4.0
0143037838,book_0143037838,,0.0,4.0
0062083392,book_0062083392,,0.0,4.0
0062093630,book_0062093630,,0.0,4.0
015101485X,book_015101485X,,0.0,4.0
0143117378,book_0143117378,,0.0,4.0
0307346609,book_0307346609,,0.0,4.0
030733936X,book_030733936X,,0.0,4.0
0143112260,book_0143112260,,0.0,4.0
0061375365,book_0061375365,,0.0,4.0
0143036955,book_0143036955,,0.0,4.0
0151008221,book_0151008221,,0.0,4.0
030727070X,book_030727070X,,0.0,4.0
0300169434,book_0300169434,,0.0,4.0
0007333994,book_0007333994,,0.0,4.0
0199546215,book_0199546215,,0.0,4.0
0307473236,book_0307473236,,0.0,4.0
0062273345,book_0062273345,,0.0,4.0
0143114247,book_0143114247,,0.0,4.0
0061913014,book_0061913014,,0.0,4.0
0307476103,book_0307476103,,0.0,4.0
0143124072,book_0143124072,,0.0,4.0
0141192429,book_0141192429,,0.0,4.0
0062545035,book_0062545035,,0.0,4.0
0199211426,book_0199211426,,0.0,4.0
0132929112,book_0132929112,,0.0,4.0
0060835680,book_0060835680,,0.0,4.0
0307463451,book_0307463451,,0.0,4.0
0060197285,book_0060197285,,0.0,4.0
0240814835,book_0240814835,,0.0,4.0
0307406644,book_0307406644,,0.0,4.0
0307336689,book_0307336689,,0.0,4.0
0062228323,book_0062228323,,0.0,4.0
0060746769,book_0060746769,,0.0,4.0
0140430350,book_0140430350,,0.0,4.0
0061197629,book_0061197629,,0.0,4.0
0061656100,book_0061656100,,0.0,4.0
0300126891,book_0300126891,,0.0,4.0
006167270X,book_006167270X,,0.0,4.0
0099496941,book_0099496941,,0.0,4.0
0061582050,book_0061582050,,0.0,4.0
0156002108,book_0156002108,,0.0,4.0
0140189386,book_0140189386,,0.0,4.0
0061689165,book_0061689165,,0.0,4.0
0240522354,book_0240522354,,0.0,4.0
0143116479,book_0143116479,,0.0,4.0
006056668X,book_006056668X,,0.0,4.0
0061582409,book_0061582409,,0.0,4.0
0151012326,book_0151012326,,0.0,4.0
0307377377,book_0307377377,,0.0,4.0
0060593083,book_0060593083,,0.0,4.0
0195323343,book_0195323343,,0.0,4.0
0307336492,book_0307336492,,0.0,4.0
0061474320,book_0061474320,,0.0,4.0
0061579211,book_0061579211,,0.0,4.0
0062007475,book_0062007475,,0.0,4.0
0306813386,book_0306813386,,0.0,4.0
0061098760,book_0061098760,,0.0,4.0
0151972036,book_0151972036,,0.0,4.0
0060582618,book_0060582618,,0.0,4.0
0062003313,book_0062003313,,0.0,4.0
0199767203,book_0199767203,,0.0,4.0
0143144723,book_0143144723,,0.0,4.0
0060088745,book_0060088745,,0.0,4.0
0007116055,book_0007116055,,0.0,4.0
0061430455,book_0061430455,,0.0,4.0
0307263940,book_0307263940,,0.0,4.0
0062252283,book_0062252283,,0.0,4.0
0143114816,book_0143114816,,0.0,4.0
0142003271,book_0142003271,,0.0,4.0
0195039149,book_0195039149,,0.0,4.0
014312191X,book_014312191X,,0.0,4.0
0141180102,book_0141180102,,0.0,4.0
0142437085,book_0142437085,,0.0,4.0
0140187286,book_0140187286,,0.0,4.0
0020427018,book_0020427018,,0.0,4.0
0142415243,book_0142415243,,0.0,4.0
0307381307,book_0307381307,,0.0,4.0
0143118722,book_0143118722,,0.0,4.0
0062122614,book_0062122614,,0.0,4.0
0062107712,book_0062107712,,0.0,4.0
0143143832,book_0143143832,,0.0,4.0
006133698X,book_006133698X,,0.0,4.0
0143038311,book_0143038311,,0.0,4.0
0156030497,book_0156030497,,0.0,4.0
0156106809,book_0156106809,,0.0,4.0
0307444732,book_0307444732,,0.0,4.0
0306806983,book_0306806983,,0.0,4.0
0201407191,book_0201407191,,0.0,4.0
0143037889,book_0143037889,,0.0,4.0
0307473333,book_0307473333,,0.0,4.0
0061958042,book_0061958042,,0.0,4.0
0007136838,book_0007136838,,0.0,4.0
0240813146,book_0240813146,,0.0,4.0
014242093X,book_014242093X,,0.0,4.0
0061230901,book_0061230901,,0.0,4.0
0061724394,book_0061724394,,0.0,4.0
0060567236,book_0060567236,,0.0,4.0
0307387844,book_0307387844,,0.0,4.0
0061799491,book_0061799491,,0.0,4.0
0099555352,book_0099555352,,0.0,4.0
0062033018,book_0062033018,,0.0,4.0
0060792167,book_0060792167,,0.0,4.0
0007444117,book_0007444117,,0.0,4.0
006112429X,book_006112429X,,0.0,4.0
006230268X,book_006230268X,,0.0,4.0
0061710288,book_0061710288,,0.0,4.0
0061998885,book_0061998885,,0.0,4.0
0061098752,book_0061098752,,0.0,4.0
0141012692,book_0141012692,,0.0,4.0
0143057367,book_0143057367,,0.0,4.0
0099469553,book_0099469553,,0.0,4.0
014241347X,book_014241347X,,0.0,4.0
0061178047,book_0061178047,,0.0,4.0
0199217912,book_0199217912,,0.0,4.0
0061725404,book_0061725404,,0.0,4.0
0234778946,book_0234778946,,0.0,4.0
0152062580,book_0152062580,,0.0,4.0
0060938412,book_0060938412,,0.0,4.0
0061687162,book_0061687162,,0.0,4.0
0156196255,book_0156196255,,0.0,4.0
0061905879,book_0061905879,,0.0,4.0
0307346684,book_0307346684,,0.0,4.0
0091801664,book_0091801664,,0.0,4.0
0061575224,book_0061575224,,0.0,4.0
0060527056,book_0060527056,,0.0,4.0
014029435X,book_014029435X,,0.0,4.0
0060816988,book_0060816988,,0.0,4.0
0240817303,book_0240817303,,0.0,4.0
0195300920,book_0195300920,,0.0,4.0
0152012397,book_0152012397,,0.0,4.0
0140119906,book_0140119906,,0.0,4.0
0061579688,book_0061579688,,0.0,4.0
0062077902,book_0062077902,,0.0,4.0
015202073X,book_015202073X,,0.0,4.0
0142003441,book_0142003441,,0.0,4.0
0062222694,book_0062222694,,0.0,4.0
0151015015,book_0151015015,,0.0,4.0
0061456764,book_0061456764,,0.0,4.0
0060825316,book_0060825316,,0.0,4.0
0307393879,book_0307393879,,0.0,4.0
0307461572,book_0307461572,,0.0,4.0
0061453056,book_0061453056,,0.0,4.0
0060837667,book_0060837667,,0.0,4.0
0142002968,book_0142002968,,0.0,4.0
0143123548,book_0143123548,,0.0,4.0
0062015869,book_0062015869,,0.0,4.0
0307378845,book_0307378845,,0.0,4.0
0140481346,book_0140481346,,0.0,4.0
0062047809,book_0062047809,,0.0,4.0
0060582006,book_0060582006,,0.0,4.0
0061774022,book_0061774022,,0.0,4.0
0140367497,book_0140367497,,0.0,4.0
0143117688,book_0143117688,,0.0,4.0
0132690136,book_0132690136,,0.0,4.0
0240819233,book_0240819233,,0.0,4.0
014200023X,book_014200023X,,0.0,4.0
0131387731,book_0131387731,,0.0,4.0
0060820810,book_0060820810,,0.0,4.0
006162683X,book_006162683X,,0.0,4.0
0061702323,book_0061702323,,0.0,4.0
0091799597,book_0091799597,,0.0,4.0
0307273539,book_0307273539,,0.0,4.0
0151012032,book_0151012032,,0.0,4.0
0061999849,book_0061999849,,0.0,4.0
0140062866,book_0140062866,,0.0,4.0
0030615534,book_0030615534,,0.0,4.0
0060005696,book_0060005696,,0.0,4.0
0156031361,book_0156031361,,0.0,4.0
0199554838,book_0199554838,,0.0,4.0
0061965499,book_0061965499,,0.0,4.0
0060534214,book_0060534214,,0.0,4.0
0140390162,book_0140390162,,0.0,4.0
0061712787,book_0061712787,,0.0,4.0
0142180467,book_0142180467,,0.0,4.0
014043478X,book_014043478X,,0.0,4.0
0226493113,book_0226493113,,0.0,4.0
0141181532,book_0141181532,,0.0,4.0
0300137540,book_0300137540,,0.0,4.0
0195174461,book_0195174461,,0.0,4.0
0306805839,book_0306805839,,0.0,4.0
0060927542,book_0060927542,,0.0,4.0
0061997390,book_0061997390,,0.0,4.0
0143038702,book_0143038702,,0.0,4.0
0061451533,book_0061451533,,0.0,4.0
0142800384,book_0142800384,,0.0,4.0
0061160903,book_0061160903,,0.0,4.0
0060936266,book_0060936266,,0.0,4.0
0132489627,book_0132489627,,0.0,4.0
0252062914,book_0252062914,,0.0,4.0
0143115774,book_0143115774,,0.0,4.0
0062001833,book_0062001833,,0.0,4.0
006092215X,book_006092215X,,0.0,4.0
0062110969,book_0062110969,,0.0,4.0
0099911701,book_0099911701,,0.0,4.0
0143036556,book_0143036556,,0.0,4.0
0062018027,book_0062018027,,0.0,4.0
0060721790,book_0060721790,,0.0,4.0
0060827130,book_0060827130,,0.0,4.0
0062207385,book_0062207385,,0.0,4.0
0061128570,book_0061128570,,0.0,4.0
0140432329,book_0140432329,,0.0,4.0
006124239X,book_006124239X,,0.0,4.0
0060255234,book_0060255234,,0.0,4.0
0061999008,book_0061999008,,0.0,4.0
0140178244,book_0140178244,,0.0,4.0
0061098795,book_0061098795,,0.0,4.0
0143115790,book_0143115790,,0.0,4.0
0099478420,book_0099478420,,0.0,4.0
0143036580,book_0143036580,,0.0,4.0
022408156X,book_022408156X,,0.0,4.0
0195333055,book_0195333055,,0.0,4.0
0226841510,book_0226841510,,0.0,4.0
0061740403,book_0061740403,,0.0,4.0
0062124269,book_0062124269,,0.0,4.0
0060525231,book_0060525231,,0.0,4.0
014011680X,book_014011680X,,0.0,4.0
0007327064,book_0007327064,,0.0,4.0
0061137979,book_0061137979,,0.0,4.0
014241493X,book_014241493X,,0.0,4.0
0061374229,book_0061374229,,0.0,4.0
0060833203,book_0060833203,,0.0,4.0
0061257095,book_0061257095,,0.0,4.0
0307388522,book_0307388522,,0.0,4.0
0061120057,book_0061120057,,0.0,4.0
0061002828,book_0061002828,,0.0,4.0
0142300497,book_0142300497,,0.0,4.0
0307236897,book_0307236897,,0.0,4.0
006082543X,book_006082543X,,0.0,4.0
0240817001,book_0240817001,,0.0,4.0
0062008269,book_0062008269,,0.0,4.0
0075536668,book_0075536668,,0.0,4.0
0060852267,book_0060852267,,0.0,4.0
0307270149,book_0307270149,,0.0,4.0
0061958514,book_0061958514,,0.0,4.0
0062046853,book_0062046853,,0.0,4.0
0061707821,book_0061707821,,0.0,4.0
0007147295,book_0007147295,,0.0,4.0
000725394X,book_000725394X,,0.0,4.0
0060854057,book_0060854057,,0.0,4.0
0060097914,book_0060097914,,0.0,4.0
0140119795,book_0140119795,,0.0,4.0
0060927569,book_0060927569,,0.0,4.0
0061349232,book_0061349232,,0.0,4.0
0137015453,book_0137015453,,0.0,4.0
0140250972,book_0140250972,,0.0,4.0
0061561223,book_0061561223,,0.0,4.0
0143117793,book_0143117793,,0.0,4.0
0062105450,book_0062105450,,0.0,4.0
006075981X,book_006075981X,,0.0,4.0
0143115766,book_0143115766,,0.0,4.0
0060595264,book_0060595264,,0.0,4.0
0061687308,book_0061687308,,0.0,4.0
0307394867,book_0307394867,,0.0,4.0
0061284769,book_0061284769,,0.0,4.0
0062104187,book_0062104187,,0.0,4.0
0060007761,book_0060007761,,0.0,4.0
0060956402,book_0060956402,,0.0,4.0
014101587X,book_014101587X,,0.0,4.0
0307245306,book_0307245306,,0.0,4.0
0142003476,book_0142003476,,0.0,4.0
0061894575,book_0061894575,,0.0,4.0
0156904365,book_0156904365,,0.0,4.0
0060577207,book_0060577207,,0.0,4.0
0062092642,book_0062092642,,0.0,4.0
0133066274,book_0133066274,,0.0,4.0
0131467484,book_0131467484,,0.0,4.0
0240814150,book_0240814150,,0.0,4.0
0307275000,book_0307275000,,0.0,4.0
0066211115,book_0066211115,,0.0,4.0
0143112880,book_0143112880,,0.0,4.0
0060745819,book_0060745819,,0.0,4.0
0140275010,book_0140275010,,0.0,4.0
0062269917,book_0062269917,,0.0,4.0
0240812174,book_0240812174,,0.0,4.0
0020449313,book_0020449313,,0.0,4.0
0306822245,book_0306822245,,0.0,4.0
0060928360,book_0060928360,,0.0,4.0
0061238961,book_0061238961,,0.0,4.0
0060193506,book_0060193506,,0.0,4.0
0060975768,book_0060975768,,0.0,4.0
0240812719,book_0240812719,,0.0,4.0
0060751649,book_0060751649,,0.0,4.0
0143122959,book_0143122959,,0.0,4.0
0061999288,book_0061999288,,0.0,4.0
0307279278,book_0307279278,,0.0,4.0
030726615X,book_030726615X,,0.0,4.0
0307279464,book_0307279464,,0.0,4.0
0061098620,book_0061098620,,0.0,4.0
0152055487,book_0152055487,,0.0,4.0
0143113135,book_0143113135,,0.0,4.0
0156286971,book_0156286971,,0.0,4.0
0061118443,book_0061118443,,0.0,4.0
0060804319,book_0060804319,,0.0,4.0
0307454355,book_0307454355,,0.0,4.0
0060955228,book_0060955228,,0.0,4.0
0142410357,book_0142410357,,0.0,4.0
0099710013,book_0099710013,,0.0,4.0
0062071750,book_0062071750,,0.0,4.0
0060294698,book_0060294698,,0.0,4.0
0060198516,book_0060198516,,0.0,4.0
0060938102,book_0060938102,,0.0,4.0
0252012968,book_0252012968,,0.0,4.0
0307463125,book_0307463125,,0.0,4.0
0061288543,book_0061288543,,0.0,4.0
0307473457,book_0307473457,,0.0,4.0
0142417203,book_0142417203,,0.0,4.0
0061655988,book_0061655988,,0.0,4.0
014043223X,book_014043223X,,0.0,4.0
0062021028,book_0062021028,,0.0,4.0
0060012781,book_0060012781,,0.0,4.0
0099324717,book_0099324717,,0.0,4.0
014242899X,book_014242899X,,0.0,4.0
0226677176,book_0226677176,,0.0,4.0
0061655511,book_0061655511,,0.0,4.0
0152002650,book_0152002650,,0.0,4.0
0141303522,book_0141303522,,0.0,4.0
0307405230,book_0307405230,,0.0,4.0
0142406120,book_0142406120,,0.0,4.0
0151005672,book_0151005672,,0.0,4.0
0061718475,book_0061718475,,0.0,4.0
0201328283,book_0201328283,,0.0,4.0
0061715832,book_0061715832,,0.0,4.0
0061253847,book_0061253847,,0.0,4.0
0306806665,book_0306806665,,0.0,4.0
0060193328,book_0060193328,,0.0,4.0
0195159217,book_0195159217,,0.0,4.0
0060732075,book_0060732075,,0.0,4.0
0060588284,book_0060588284,,0.0,4.0
0060752017,book_0060752017,,0.0,4.0
0070506728,book_0070506728,,0.0,4.0
0061020397,book_0061020397,,0.0,4.0
0060093579,book_0060093579,,0.0,4.0
0307270157,book_0307270157,,0.0,4.0
0091794994,book_0091794994,,0.0,4.0
0061013315,book_0061013315,,0.0,4.0
0263872319,book_0263872319,,0.0,4.0
0140157379,book_0140157379,,0.0,4.0
0307378721,book_0307378721,,0.0,4.0
0060545739,book_0060545739,,0.0,4.0
0143122827,book_0143122827,,0.0,4.0
0062092995,book_0062092995,,0.0,4.0
0142420956,book_0142420956,,0.0,4.0
0131863665,book_0131863665,,0.0,4.0
0123749530,book_0123749530,,0.0,4.0
0062073605,book_0062073605,,0.0,4.0
013235778X,book_013235778X,,0.0,4.0
0131435264,book_0131435264,,0.0,4.0
0307265625,book_0307265625,,0.0,4.0
0060554827,book_0060554827,,0.0,4.0
0142409413,book_0142409413,,0.0,4.0
0062127713,book_0062127713,,0.0,4.0
0061732389,book_0061732389,,0.0,4.0
0060833262,book_0060833262,,0.0,4.0
0060880120,book_0060880120,,0.0,4.0
0061493473,book_0061493473,,0.0,4.0
0007281447,book_0007281447,,0.0,4.0
0143113437,book_0143113437,,0.0,4.0
0061350982,book_0061350982,,0.0,4.0
0062243152,book_0062243152,,0.0,4.0
0151004714,book_0151004714,,0.0,4.0
0142415529,book_0142415529,,0.0,4.0
0060506040,book_0060506040,,0.0,4.0
0061231150,book_0061231150,,0.0,4.0
0142419435,book_0142419435,,0.0,4.0
0143142941,book_0143142941,,0.0,4.0
0061710318,book_0061710318,,0.0,4.0
0062257838,book_0062257838,,0.0,4.0
0240823672,book_0240823672,,0.0,4.0
0143038583,book_0143038583,,0.0,4.0
0061097314,book_0061097314,,0.0,4.0
0060898917,book_0060898917,,0.0,4.0
0142003611,book_0142003611,,0.0,4.0
0061993379,book_0061993379,,0.0,4.0
0060502932,book_0060502932,,0.0,4.0
0007157177,book_0007157177,,0.0,4.0
0060542217,book_0060542217,,0.0,4.0
0142403474,book_0142403474,,0.0,4.0
0151004153,book_0151004153,,0.0,4.0
0061989479,book_0061989479,,0.0,4.0
0307377210,book_0307377210,,0.0,4.0
0061143448,book_0061143448,,0.0,4.0
006213051X,book_006213051X,,0.0,4.0
006117212X,book_006117212X,,0.0,4.0
0140185887,book_0140185887,,0.0,4.0
0060194995,book_0060194995,,0.0,4.0
0151009252,book_0151009252,,0.0,4.0
0060725141,book_0060725141,,0.0,4.0
006109918X,book_006109918X,,0.0,4.0
0060838574,book_0060838574,,0.0,4.0
0151272255,book_0151272255,,0.0,4.0
015101549X,book_015101549X,,0.0,4.0
0061558222,book_0061558222,,0.0,4.0
0061341592,book_0061341592,,0.0,4.0
0060937904,book_0060937904,,0.0,4.0
0141004312,book_0141004312,,0.0,4.0
0061209198,book_0061209198,,0.0,4.0
0143122053,book_0143122053,,0.0,4.0
0061206717,book_0061206717,,0.0,4.0
0143115626,book_0143115626,,0.0,4.0
0135530172,book_0135530172,,0.0,4.0
0307352897,book_0307352897,,0.0,4.0
013147944X,book_013147944X,,0.0,4.0
014043769X,book_014043769X,,0.0,4.0
0060977337,book_0060977337,,0.0,4.0
0061924687,book_0061924687,,0.0,4.0
0142402524,book_0142402524,,0.0,4.0
0007244576,book_0007244576,,0.0,4.0
0140187723,book_0140187723,,0.0,4.0
006224860X,book_006224860X,,0.0,4.0
0140374558,book_0140374558,,0.0,4.0
0143117742,book_0143117742,,0.0,4.0
0060852003,book_0060852003,,0.0,4.0
0132876590,book_0132876590,,0.0,4.0
006125309X,book_006125309X,,0.0,4.0
0143120573,book_0143120573,,0.0,4.0
0060936975,book_0060936975,,0.0,4.0
0140184406,book_0140184406,,0.0,4.0
0132849445,book_0132849445,,0.0,4.0
0141007338,book_0141007338,,0.0,4.0
0060530111,book_0060530111,,0.0,4.0
0061957844,book_0061957844,,0.0,4.0
0253212340,book_0253212340,,0.0,4.0
0060175400,book_0060175400,,0.0,4.0
0061953342,book_0061953342,,0.0,4.0
0061140201,book_0061140201,,0.0,4.0
006051390X,book_006051390X,,0.0,4.0
0060590319,book_0060590319,,0.0,4.0
0307409082,book_0307409082,,0.0,4.0
0060766832,book_0060766832,,0.0,4.0
0307381277,book_0307381277,,0.0,4.0
0060776390,book_0060776390,,0.0,4.0
0062309668,book_0062309668,,0.0,4.0
0061998982,book_0061998982,,0.0,4.0
0140186247,book_0140186247,,0.0,4.0
0140390286,book_0140390286,,0.0,4.0
0007124015,book_0007124015,,0.0,4.0
0061950726,book_0061950726,,0.0,4.0
0060084103,book_0060084103,,0.0,4.0
0060391626,book_0060391626,,0.0,4.0
0156028972,book_0156028972,,0.0,4.0
013308907X,book_013308907X,,0.0,4.0
0151006903,book_0151006903,,0.0,4.0
0061878200,book_0061878200,,0.0,4.0
0140182829,book_0140182829,,0.0,4.0
0199535906,book_0199535906,,0.0,4.0
0143113496,book_0143113496,,0.0,4.0
0060833335,book_0060833335,,0.0,4.0
0143120530,book_0143120530,,0.0,4.0
0142001929,book_0142001929,,0.0,4.0
0062076051,book_0062076051,,0.0,4.0
0060564784,book_0060564784,,0.0,4.0
0062116509,book_0062116509,,0.0,4.0
0307339114,book_0307339114,,0.0,4.0
0201000822,book_0201000822,,0.0,4.0
0140048979,book_0140048979,,0.0,4.0
0192805649,book_0192805649,,0.0,4.0
0142403709,book_0142403709,,0.0,4.0
0061915017,book_0061915017,,0.0,4.0
0143117998,book_0143117998,,0.0,4.0
0061032093,book_0061032093,,0.0,4.0
0060266686,book_0060266686,,0.0,4.0
014144133X,book_014144133X,,0.0,4.0
0061976016,book_0061976016,,0.0,4.0
0061000299,book_0061000299,,0.0,4.0
0132361329,book_0132361329,,0.0,4.0
0307460134,book_0307460134,,0.0,4.0
0307460665,book_0307460665,,0.0,4.0
0140264078,book_0140264078,,0.0,4.0
0061143413,book_0061143413,,0.0,4.0
014314295X,book_014314295X,,0.0,4.0
0062196200,book_0062196200,,0.0,4.0
0307269582,book_0307269582,,0.0,4.0
0060937017,book_0060937017,,0.0,4.0
0062076035,book_0062076035,,0.0,4.0
0062276743,book_0062276743,,0.0,4.0
006212241X,book_006212241X,,0.0,4.0
0061804215,book_0061804215,,0.0,4.0
006169049X,book_006169049X,,0.0,4.0
0140178287,book_0140178287,,0.0,4.0
0307390470,book_0307390470,,0.0,4.0
0062245074,book_0062245074,,0.0,4.0
0138138109,book_0138138109,,0.0,4.0
0062110586,book_0062110586,,0.0,4.0
030727182X,book_030727182X,,0.0,4.0
0241951941,book_0241951941,,0.0,4.0
0061235350,book_0061235350,,0.0,4.0
0061092177,book_0061092177,,0.0,4.0
0060910690,book_0060910690,,0.0,4.0
0140012486,book_0140012486,,0.0,4.0
0140156143,book_0140156143,,0.0,4.0
0140186301,book_0140186301,,0.0,4.0
0142417750,book_0142417750,,0.0,4.0
014312448X,book_014312448X,,0.0,4.0
014310571X,book_014310571X,,0.0,4.0
0143120603,book_0143120603,,0.0,4.0
0099448793,book_0099448793,,0.0,4.0
0143124927,book_0143124927,,0.0,4.0
0142421871,book_0142421871,,0.0,4.0
0060815221,book_0060815221,,0.0,4.0
0060840846,book_0060840846,,0.0,4.0
0006497802,book_0006497802,,0.0,4.0
0060888741,book_0060888741,,0.0,4.0
0061147761,book_0061147761,,0.0,4.0
0061976229,book_0061976229,,0.0,4.0
0307388514,book_0307388514,,0.0,4.0
030727585X,book_030727585X,,0.0,4.0
0195007778,book_0195007778,,0.0,4.0
0143124544,book_0143124544,,0.0,4.0
0060787856,book_0060787856,,0.0,4.0
0156443791,book_0156443791,,0.0,4.0
0006551807,book_0006551807,,0.0,4.0
0099524139,book_0099524139,,0.0,4.0
0060633875,book_0060633875,,0.0,4.0
0064410153,book_0064410153,,0.0,4.0
0307395774,book_0307395774,,0.0,4.0
0142001775,book_0142001775,,0.0,4.0
0060757434,book_0060757434,,0.0,4.0
0307446530,book_0307446530,,0.0,4.0
0307273512,book_0307273512,,0.0,4.0
0143116711,book_0143116711,,0.0,4.0
0142412120,book_0142412120,,0.0,4.0
0061470902,book_0061470902,,0.0,4.0
0061710245,book_0061710245,,0.0,4.0
030737887X,book_030737887X,,0.0,4.0
0061583081,book_0061583081,,0.0,4.0
0140233903,book_0140233903,,0.0,4.0
0140114068,book_0140114068,,0.0,4.0
0062206281,book_0062206281,,0.0,4.0
0143112732,book_0143112732,,0.0,4.0
0061452955,book_0061452955,,0.0,4.0
0060199032,book_0060199032,,0.0,4.0
0195313666,book_0195313666,,0.0,4.0
0060529709,book_0060529709,,0.0,4.0
0143119729,book_0143119729,,0.0,4.0
0240812204,book_0240812204,,0.0,4.0
0142004308,book_0142004308,,0.0,4.0
0061579084,book_0061579084,,0.0,4.0
0142196797,book_0142196797,,0.0,4.0
006000925X,book_006000925X,,0.0,4.0
0307461513,book_0307461513,,0.0,4.0
014043464X,book_014043464X,,0.0,4.0
0061129631,book_0061129631,,0.0,4.0
0061491888,book_0061491888,,0.0,4.0
0062208357,book_0062208357,,0.0,4.0
0131913646,book_0131913646,,0.0,4.0
0060531126,book_0060531126,,0.0,4.0
0062237225,book_0062237225,,0.0,4.0
0061947040,book_0061947040,,0.0,4.0
0147509726,book_0147509726,,0.0,4.0
0140439072,book_0140439072,,0.0,4.0
0061345725,book_0061345725,,0.0,4.0
0226763749,book_0226763749,,0.0,4.0
0131423304,book_0131423304,,0.0,4.0
0140177191,book_0140177191,,0.0,4.0
0062208284,book_0062208284,,0.0,4.0
0143125389,book_0143125389,,0.0,4.0
0151014302,book_0151014302,,0.0,4.0
0307455262,book_0307455262,,0.0,4.0
0192840398,book_0192840398,,0.0,4.0
026201582X,book_026201582X,,0.0,4.0
000612609X,book_000612609X,,0.0,4.0
0060736585,book_0060736585,,0.0,4.0
0143122045,book_0143122045,,0.0,4.0
0060927623,book_0060927623,,0.0,4.0
0062089099,book_0062089099,,0.0,4.0
0099562561,book_0099562561,,0.0,4.0
0061721557,book_0061721557,,0.0,4.0
0061714321,book_0061714321,,0.0,4.0
0230607543,book_0230607543,,0.0,4.0
0060927860,book_0060927860,,0.0,4.0
0123742609,book_0123742609,,0.0,4.0
0133158640,book_0133158640,,0.0,4.0
0143036661,book_0143036661,,0.0,4.0
006165597X,book_006165597X,,0.0,4.0
0061373540,book_0061373540,,0.0,4.0
0060175869,book_0060175869,,0.0,4.0
0140167188,book_0140167188,,0.0,4.0
0240815637,book_0240815637,,0.0,4.0
0140112901,book_0140112901,,0.0,4.0
0061438456,book_0061438456,,0.0,4.0
0143039709,book_0143039709,,0.0,4.0
0061711640,book_0061711640,,0.0,4.0
0307459683,book_0307459683,,0.0,4.0
0060838744,book_0060838744,,0.0,4.0
0061718130,book_0061718130,,0.0,4.0
0060574887,book_0060574887,,0.0,4.0
0062128809,book_0062128809,,0.0,4.0
0307388298,book_0307388298,,0.0,4.0
0240817117,book_0240817117,,0.0,4.0
0307474933,book_0307474933,,0.0,4.0
030738778X,book_030738778X,,0.0,4.0
0140449140,book_0140449140,,0.0,4.0
0071621776,book_0071621776,,0.0,4.0
0142800155,book_0142800155,,0.0,4.0
0061778737,book_0061778737,,0.0,4.0
0060540222,book_0060540222,,0.0,4.0
0062219278,book_0062219278,,0.0,4.0
0156027135,book_0156027135,,0.0,4.0
0064409457,book_0064409457,,0.0,4.0
006212109X,book_006212109X,,0.0,4.0
0061579173,book_0061579173,,0.0,4.0
0199544905,book_0199544905,,0.0,4.0
0132478668,book_0132478668,,0.0,4.0
0007113080,book_0007113080,,0.0,4.0
0152017178,book_0152017178,,0.0,4.0
0141018828,book_0141018828,,0.0,4.0
0060558121,book_0060558121,,0.0,4.0
0061143332,book_0061143332,,0.0,4.0
0060188650,book_0060188650,,0.0,4.0
0060567031,book_0060567031,,0.0,4.0
014303491X,book_014303491X,,0.0,4.0
0140099956,book_0140099956,,0.0,4.0
0060254920,book_0060254920,,0.0,4.0
0062120999,book_0062120999,,0.0,4.0
000100039X,book_000100039X,,0.0,4.0
0240817850,book_0240817850,,0.0,4.0
0061230944,book_0061230944,,0.0,4.0
0061040967,book_0061040967,,0.0,4.0
0099415062,book_0099415062,,0.0,4.0
006227032X,book_006227032X,,0.0,4.0
0307275930,book_0307275930,,0.0,4.0
006440031X,book_006440031X,,0.0,4.0
0143118218,book_0143118218,,0.0,4.0
006051485X,book_006051485X,,0.0,4.0
0060591803,book_0060591803,,0.0,4.0
0230341519,book_0230341519,,0.0,4.0
0061990612,book_0061990612,,0.0,4.0
0307265781,book_0307265781,,0.0,4.0
0061542830,book_0061542830,,0.0,4.0
0062094548,book_0062094548,,0.0,4.0
006171951X,book_006171951X,,0.0,4.0
0152063900,book_0152063900,,0.0,4.0
0060207507,book_0060207507,,0.0,4.0
0007266499,book_0007266499,,0.0,4.0
0151012601,book_0151012601,,0.0,4.0
0141182873,book_0141182873,,0.0,4.0
0132825244,book_0132825244,,0.0,4.0
0307351009,book_0307351009,,0.0,4.0
0140505393,book_0140505393,,0.0,4.0
0246123672,book_0246123672,,0.0,4.0
0062307320,book_0062307320,,0.0,4.0
0062277324,book_0062277324,,0.0,4.0
0307098222,book_0307098222,,0.0,4.0
0026045702,book_0026045702,,0.0,4.0
0307475263,book_0307475263,,0.0,4.0
0062118072,book_0062118072,,0.0,4.0
0142413380,book_0142413380,,0.0,4.0
0140366822,book_0140366822,,0.0,4.0
014011341X,book_014011341X,,0.0,4.0
0061857769,book_0061857769,,0.0,4.0
0140235426,book_0140235426,,0.0,4.0
0142418579,book_0142418579,,0.0,4.0
0060675578,book_0060675578,,0.0,4.0
006170007X,book_006170007X,,0.0,4.0
020168859X,book_020168859X,,0.0,4.0
0142002100,book_0142002100,,0.0,4.0
0061997145,book_0061997145,,0.0,4.0
0140249001,book_0140249001,,0.0,4.0
0151014434,book_0151014434,,0.0,4.0
0060092572,book_0060092572,,0.0,4.0
0140020039,book_0140020039,,0.0,4.0
0062199773,book_0062199773,,0.0,4.0
0060763655,book_0060763655,,0.0,4.0
0061802050,book_0061802050,,0.0,4.0
0062107739,book_0062107739,,0.0,4.0
0061969788,book_0061969788,,0.0,4.0
0140258264,book_0140258264,,0.0,4.0
0192833944,book_0192833944,,0.0,4.0
0062026518,book_0062026518,,0.0,4.0
0195133323,book_0195133323,,0.0,4.0
014132113X,book_014132113X,,0.0,4.0
0060501189,book_0060501189,,0.0,4.0
002542730X,book_002542730X,,0.0,4.0
0061625124,book_0061625124,,0.0,4.0
0143116045,book_0143116045,,0.0,4.0
0143058592,book_0143058592,,0.0,4.0
0140296468,book_0140296468,,0.0,4.0
0143124099,book_0143124099,,0.0,4.0
0062211196,book_0062211196,,0.0,4.0
0060886986,book_0060886986,,0.0,4.0
0062123483,book_0062123483,,0.0,4.0
0142000590,book_0142000590,,0.0,4.0
0141001798,book_0141001798,,0.0,4.0
0224069829,book_0224069829,,0.0,4.0
0060539097,book_0060539097,,0.0,4.0
0142408654,book_0142408654,,0.0,4.0
0307277666,book_0307277666,,0.0,4.0
0061990965,book_0061990965,,0.0,4.0
0061003778,book_0061003778,,0.0,4.0
0307268276,book_0307268276,,0.0,4.0
0027109917,book_0027109917,,0.0,4.0
006087418X,book_006087418X,,0.0,4.0
0240811798,book_0240811798,,0.0,4.0
0152060073,book_0152060073,,0.0,4.0
0062065114,book_0062065114,,0.0,4.0
0246130474,book_0246130474,,0.0,4.0
0060956445,book_0060956445,,0.0,4.0
0061992259,book_0061992259,,0.0,4.0
0151014191,book_0151014191,,0.0,4.0
0061934739,book_0061934739,,0.0,4.0
0143037714,book_0143037714,,0.0,4.0
0307378438,book_0307378438,,0.0,4.0
0060587873,book_0060587873,,0.0,4.0
0060728671,book_0060728671,,0.0,4.0
0143121553,book_0143121553,,0.0,4.0
014303880X,book_014303880X,,0.0,4.0
0061125288,book_0061125288,,0.0,4.0
0123785782,book_0123785782,,0.0,4.0
0061449067,book_0061449067,,0.0,4.0
0141441038,book_0141441038,,0.0,4.0
0141033746,book_0141033746,,0.0,4.0
0307387135,book_0307387135,,0.0,4.0
0060529342,book_0060529342,,0.0,4.0
0061370851,book_0061370851,,0.0,4.0
0240818245,book_0240818245,,0.0,4.0
0297817892,book_0297817892,,0.0,4.0
0062006207,book_0062006207,,0.0,4.0
0060515198,book_0060515198,,0.0,4.0
0099282194,book_0099282194,,0.0,4.0
0151013470,book_0151013470,,0.0,4.0
0061119741,book_0061119741,,0.0,4.0
0062108026,book_0062108026,,0.0,4.0
0307266389,book_0307266389,,0.0,4.0
0143122576,book_0143122576,,0.0,4.0
0307269930,book_0307269930,,0.0,4.0
0140255893,book_0140255893,,0.0,4.0
0061451029,book_0061451029,,0.0,4.0
0307473155,book_0307473155,,0.0,4.0
0061121800,book_0061121800,,0.0,4.0
006207203X,book_006207203X,,0.0,4.0
0062231294,book_0062231294,,0.0,4.0
0060513659,book_0060513659,,0.0,4.0
0060797142,book_0060797142,,0.0,4.0
0143035843,book_0143035843,,0.0,4.0
0071414290,book_0071414290,,0.0,4.0
0060524235,book_0060524235,,0.0,4.0
0061804096,book_0061804096,,0.0,4.0
0141184221,book_0141184221,,0.0,4.0
0307264637,book_0307264637,,0.0,4.0
0140441239,book_0140441239,,0.0,4.0
0140621806,book_0140621806,,0.0,4.0
0140097058,book_0140097058,,0.0,4.0
0060779411,book_0060779411,,0.0,4.0
0143105523,book_0143105523,,0.0,4.0
0142420174,book_0142420174,,0.0,4.0
0142415995,book_0142415995,,0.0,4.0
0140022651,book_0140022651,,0.0,4.0
0062100327,book_0062100327,,0.0,4.0
0142003018,book_0142003018,,0.0,4.0
0060854235,book_0060854235,,0.0,4.0
0152066195,book_0152066195,,0.0,4.0
0007167040,book_0007167040,,0.0,4.0
0061288551,book_0061288551,,0.0,4.0
0307272699,book_0307272699,,0.0,4.0
0061721719,book_0061721719,,0.0,4.0
0071628916,book_0071628916,,0.0,4.0
0020446500,book_0020446500,,0.0,4.0
0060742844,book_0060742844,,0.0,4.0
0143035363,book_0143035363,,0.0,4.0
0060585633,book_0060585633,,0.0,4.0
000215725X,book_000215725X,,0.0,4.0
0060959622,book_0060959622,,0.0,4.0
0131103628,book_0131103628,,0.0,4.0
0143115022,book_0143115022,,0.0,4.0
0240810147,book_0240810147,,0.0,4.0
0142004146,book_0142004146,,0.0,4.0
0142000760,book_0142000760,,0.0,4.0
0140231730,book_0140231730,,0.0,4.0
0192835084,book_0192835084,,0.0,4.0
0062271490,book_0062271490,,0.0,4.0
0143036939,book_0143036939,,0.0,4.0
0142411663,book_0142411663,,0.0,4.0
0304352845,book_0304352845,,0.0,4.0
014312501X,book_014312501X,,0.0,4.0
0143114867,book_0143114867,,0.0,4.0
0199639574,book_0199639574,,0.0,4.0
0240809351,book_0240809351,,0.0,4.0
0060598611,book_0060598611,,0.0,4.0
0140282777,book_0140282777,,0.0,4.0
0061718866,book_0061718866,,0.0,4.0
0060675187,book_0060675187,,0.0,4.0
0140430210,book_0140430210,,0.0,4.0
0060525266,book_0060525266,,0.0,4.0
0151011656,book_0151011656,,0.0,4.0
014044565X,book_014044565X,,0.0,4.0
0060731583,book_0060731583,,0.0,4.0
019286212X,book_019286212X,,0.0,4.0
0062286722,book_0062286722,,0.0,4.0
0140436790,book_0140436790,,0.0,4.0
0192835653,book_0192835653,,0.0,4.0
0147509734,book_0147509734,,0.0,4.0
0142413402,book_0142413402,,0.0,4.0
0198326769,book_0198326769,,0.0,4.0
0140298444,book_0140298444,,0.0,4.0
0307377334,book_0307377334,,0.0,4.0
0064405850,book_0064405850,,0.0,4.0
0140255087,book_0140255087,,0.0,4.0
0061990671,book_0061990671,,0.0,4.0
0061673560,book_0061673560,,0.0,4.0
0061054275,book_0061054275,,0.0,4.0
0060510862,book_0060510862,,0.0,4.0
0151012075,book_0151012075,,0.0,4.0
0156027496,book_0156027496,,0.0,4.0
0140232028,book_0140232028,,0.0,4.0
014311347X,book_014311347X,,0.0,4.0
0140189440,book_0140189440,,0.0,4.0
0151001812,book_0151001812,,0.0,4.0
0131470205,book_0131470205,,0.0,4.0
0061092886,book_0061092886,,0.0,4.0
0091796628,book_0091796628,,0.0,4.0
0060786205,book_0060786205,,0.0,4.0
0007267622,book_0007267622,,0.0,4.0
0307265633,book_0307265633,,0.0,4.0
0062291882,book_0062291882,,0.0,4.0
006167298X,book_006167298X,,0.0,4.0
006187826X,book_006187826X,,0.0,4.0
0307406814,book_0307406814,,0.0,4.0
0140238565,book_0140238565,,0.0,4.0
0143143662,book_0143143662,,0.0,4.0
0061692034,book_0061692034,,0.0,4.0
0062234625,book_0062234625,,0.0,4.0
0230611699,book_0230611699,,0.0,4.0
0300098391,book_0300098391,,0.0,4.0
0061958034,book_0061958034,,0.0,4.0
0060915196,book_0060915196,,0.0,4.0
0060883529,book_0060883529,,0.0,4.0
0307268934,book_0307268934,,0.0,4.0
0099271494,book_0099271494,,0.0,4.0
0062086367,book_0062086367,,0.0,4.0
0061673412,book_0061673412,,0.0,4.0
0060995068,book_0060995068,,0.0,4.0
0062274244,book_0062274244,,0.0,4.0
0143122924,book_0143122924,,0.0,4.0
0307385914,book_0307385914,,0.0,4.0
0060974060,book_0060974060,,0.0,4.0
006124189X,book_006124189X,,0.0,4.0
014016930X,book_014016930X,,0.0,4.0
0061720771,book_0061720771,,0.0,4.0
0066213312,book_0066213312,,0.0,4.0
0061456780,book_0061456780,,0.0,4.0
015206396X,book_015206396X,,0.0,4.0
0142413429,book_0142413429,,0.0,4.0
0061430218,book_0061430218,,0.0,4.0
0061725374,book_0061725374,,0.0,4.0
0307582884,book_0307582884,,0.0,4.0
0307480585,book_0307480585,,0.0,4.0
0061478741,book_0061478741,,0.0,4.0
0060093749,book_0060093749,,0.0,4.0
0062027808,book_0062027808,,0.0,4.0
006200980X,book_006200980X,,0.0,4.0
0061582565,book_0061582565,,0.0,4.0
0060840897,book_0060840897,,0.0,4.0
0240812565,book_0240812565,,0.0,4.0
0061662410,book_0061662410,,0.0,4.0
0061731153,book_0061731153,,0.0,4.0
0061256927,book_0061256927,,0.0,4.0
0099457067,book_0099457067,,0.0,4.0
0062064320,book_0062064320,,0.0,4.0
0060593199,book_0060593199,,0.0,4.0
030723715X,book_030723715X,,0.0,4.0
014314264X,book_014314264X,,0.0,4.0
0062081012,book_0062081012,,0.0,4.0
0143036637,book_0143036637,,0.0,4.0
0062019201,book_0062019201,,0.0,4.0
0140178414,book_0140178414,,0.0,4.0
0142004170,book_0142004170,,0.0,4.0
0062008064,book_0062008064,,0.0,4.0
0062192132,book_0062192132,,0.0,4.0
014241543X,book_014241543X,,0.0,4.0
0060936231,book_0060936231,,0.0,4.0
0061283975,book_0061283975,,0.0,4.0
0062257242,book_0062257242,,0.0,4.0
0007149530,book_0007149530,,0.0,4.0
0060763280,book_0060763280,,0.0,4.0
0140432639,book_0140432639,,0.0,4.0
0060652969,book_0060652969,,0.0,4.0
0060545763,book_0060545763,,0.0,4.0
0156372088,book_0156372088,,0.0,4.0
0061243302,book_0061243302,,0.0,4.0
0306818019,book_0306818019,,0.0,4.0
0061843407,book_0061843407,,0.0,4.0
0060930934,book_0060930934,,0.0,4.0
0060799846,book_0060799846,,0.0,4.0
0061779849,book_0061779849,,0.0,4.0
006209534X,book_006209534X,,0.0,4.0
019538136X,book_019538136X,,0.0,4.0
0061966908,book_0061966908,,0.0,4.0
0061129704,book_0061129704,,0.0,4.0
0060891270,book_0060891270,,0.0,4.0
006173456X,book_006173456X,,0.0,4.0
0061783196,book_0061783196,,0.0,4.0
014050169X,book_014050169X,,0.0,4.0
0307268969,book_0307268969,,0.0,4.0
0195103092,book_0195103092,,0.0,4.0
0060733985,book_0060733985,,0.0,4.0
0141800259,book_0141800259,,0.0,4.0
0140183884,book_0140183884,,0.0,4.0
0060593636,book_0060593636,,0.0,4.0
0061778702,book_0061778702,,0.0,4.0
0061791121,book_0061791121,,0.0,4.0
0060088877,book_0060088877,,0.0,4.0
0061914975,book_0061914975,,0.0,4.0
0007442920,book_0007442920,,0.0,4.0
0141324910,book_0141324910,,0.0,4.0
006114360X,book_006114360X,,0.0,4.0
0060193395,book_0060193395,,0.0,4.0
0226770990,book_0226770990,,0.0,4.0
0060014091,book_0060014091,,0.0,4.0
0061686484,book_0061686484,,0.0,4.0
0143035347,book_0143035347,,0.0,4.0
0064410382,book_0064410382,,0.0,4.0
0307278107,book_0307278107,,0.0,4.0
006029809X,book_006029809X,,0.0,4.0
0140432132,book_0140432132,,0.0,4.0
0061656070,book_0061656070,,0.0,4.0
0140294368,book_0140294368,,0.0,4.0
0060298774,book_0060298774,,0.0,4.0
0307450678,book_0307450678,,0.0,4.0
0123748569,book_0123748569,,0.0,4.0
0140367357,book_0140367357,,0.0,4.0
0060882646,book_0060882646,,0.0,4.0
0141310472,book_0141310472,,0.0,4.0
0062289233,book_0062289233,,0.0,4.0
0060578769,book_0060578769,,0.0,4.0
0061708771,book_0061708771,,0.0,4.0
0061020613,book_0061020613,,0.0,4.0
0060747439,book_0060747439,,0.0,4.0
0141348550,book_0141348550,,0.0,4.0
030727344X,book_030727344X,,0.0,4.0
0307405850,book_0307405850,,0.0,4.0
0252062345,book_0252062345,,0.0,4.0
0142406023,book_0142406023,,0.0,4.0
0060188804,book_0060188804,,0.0,4.0
0195181409,book_0195181409,,0.0,4.0
0140252800,book_0140252800,,0.0,4.0
0240522001,book_0240522001,,0.0,4.0
0307455394,book_0307455394,,0.0,4.0
0147508436,book_0147508436,,0.0,4.0
0142414298,book_0142414298,,0.0,4.0
0140286276,book_0140286276,,0.0,4.0
0066209773,book_0066209773,,0.0,4.0
0061128708,book_0061128708,,0.0,4.0
0151015031,book_0151015031,,0.0,4.0
0307353451,book_0307353451,,0.0,4.0
0062132393,book_0062132393,,0.0,4.0
0240816641,book_0240816641,,0.0,4.0
0062114875,book_0062114875,,0.0,4.0
0140187707,book_0140187707,,0.0,4.0
0062011847,book_0062011847,,0.0,4.0
0062279939,book_0062279939,,0.0,4.0
0156032791,book_0156032791,,0.0,4.0
0141321687,book_0141321687,,0.0,4.0
0143115995,book_0143115995,,0.0,4.0
0143122177,book_0143122177,,0.0,4.0
0142500372,book_0142500372,,0.0,4.0
0143120328,book_0143120328,,0.0,4.0
0062008242,book_0062008242,,0.0,4.0
0141439491,book_0141439491,,0.0,4.0
0061797022,book_0061797022,,0.0,4.0
0307360318,book_0307360318,,0.0,4.0
014038572X,book_014038572X,,0.0,4.0
0099462494,book_0099462494,,0.0,4.0
0152051090,book_0152051090,,0.0,4.0
0307388670,book_0307388670,,0.0,4.0
0060835796,book_0060835796,,0.0,4.0
0099743612,book_0099743612,,0.0,4.0
0060575271,book_0060575271,,0.0,4.0
0307394972,book_0307394972,,0.0,4.0
0060898925,book_0060898925,,0.0,4.0
0060875232,book_0060875232,,0.0,4.0
0061231231,book_0061231231,,0.0,4.0
0307272702,book_0307272702,,0.0,4.0
0062247751,book_0062247751,,0.0,4.0
0061014788,book_0061014788,,0.0,4.0
023070932X,book_023070932X,,0.0,4.0
0151010897,book_0151010897,,0.0,4.0
0061961299,book_0061961299,,0.0,4.0
0064402053,book_0064402053,,0.0,4.0
0140280464,book_0140280464,,0.0,4.0
0060784776,book_0060784776,,0.0,4.0
0142301930,book_0142301930,,0.0,4.0
0006514006,book_0006514006,,0.0,4.0
0156029030,book_0156029030,,0.0,4.0
0060838582,book_0060838582,,0.0,4.0
0061721786,book_0061721786,,0.0,4.0
0140084991,book_0140084991,,0.0,4.0
0152061932,book_0152061932,,0.0,4.0
0062248634,book_0062248634,,0.0,4.0
0061003689,book_0061003689,,0.0,4.0
0142800821,book_0142800821,,0.0,4.0
0060511508,book_0060511508,,0.0,4.0
0062108824,book_0062108824,,0.0,4.0
0151014140,book_0151014140,,0.0,4.0
0071358064,book_0071358064,,0.0,4.0
0142800082,book_0142800082,,0.0,4.0
0061875848,book_0061875848,,0.0,4.0
0060751967,book_0060751967,,0.0,4.0
0099463555,book_0099463555,,0.0,4.0
006073132X,book_006073132X,,0.0,4.0
0060195339,book_0060195339,,0.0,4.0
0131531182,book_0131531182,,0.0,4.0
0060185716,book_0060185716,,0.0,4.0
0061688681,book_0061688681,,0.0,4.0
0060528095,book_0060528095,,0.0,4.0
0140144994,book_0140144994,,0.0,4.0
006114097X,book_006114097X,,0.0,4.0
0240521749,book_0240521749,,0.0,4.0
0307272087,book_0307272087,,0.0,4.0
0195317009,book_0195317009,,0.0,4.0
0062084801,book_0062084801,,0.0,4.0
0140390243,book_0140390243,,0.0,4.0
0060175273,book_0060175273,,0.0,4.0
0240812611,book_0240812611,,0.0,4.0
0062059629,book_0062059629,,0.0,4.0
0300100477,book_0300100477,,0.0,4.0
0060598891,book_0060598891,,0.0,4.0
015101373X,book_015101373X,,0.0,4.0
0060887184,book_0060887184,,0.0,4.0
0226848728,book_0226848728,,0.0,4.0
0307379361,book_0307379361,,0.0,4.0
0142423904,book_0142423904,,0.0,4.0
0123751659,book_0123751659,,0.0,4.0
0240812417,book_0240812417,,0.0,4.0
0307390888,book_0307390888,,0.0,4.0
0143144200,book_0143144200,,0.0,4.0
0143112872,book_0143112872,,0.0,4.0
014027569X,book_014027569X,,0.0,4.0
0062200461,book_0062200461,,0.0,4.0
0195014766,book_0195014766,,0.0,4.0
0062068547,book_0062068547,,0.0,4.0
0143187511,book_0143187511,,0.0,4.0
024081813X,book_024081813X,,0.0,4.0
0143038338,book_0143038338,,0.0,4.0
0142416665,book_0142416665,,0.0,4.0
0061672963,book_0061672963,,0.0,4.0
0061032212,book_0061032212,,0.0,4.0
0060915439,book_0060915439,,0.0,4.0
0307456323,book_0307456323,,0.0,4.0
0060747625,book_0060747625,,0.0,4.0
0140449248,book_0140449248,,0.0,4.0
0060591781,book_0060591781,,0.0,4.0
0140367004,book_0140367004,,0.0,4.0
0307450694,book_0307450694,,0.0,4.0
0060092130,book_0060092130,,0.0,4.0
0140433252,book_0140433252,,0.0,4.0
0061825018,book_0061825018,,0.0,4.0
0060574607,book_0060574607,,0.0,4.0
0240522222,book_0240522222,,0.0,4.0
0307378861,book_0307378861,,0.0,4.0
0143115529,book_0143115529,,0.0,4.0
0061547786,book_0061547786,,0.0,4.0
0156468999,book_0156468999,,0.0,4.0
0060841664,book_0060841664,,0.0,4.0
0061986488,book_0061986488,,0.0,4.0
0060542136,book_0060542136,,0.0,4.0
0143119494,book_0143119494,,0.0,4.0
0152024689,book_0152024689,,0.0,4.0
0062117602,book_0062117602,,0.0,4.0
0060822554,book_0060822554,,0.0,4.0
0062073885,book_0062073885,,0.0,4.0
0062110543,book_0062110543,,0.0,4.0
0061922994,book_0061922994,,0.0,4.0
0307272621,book_0307272621,,0.0,4.0
0060935936,book_0060935936,,0.0,4.0
0061174270,book_0061174270,,0.0,4.0
006230240X,book_006230240X,,0.0,4.0
0140187537,book_0140187537,,0.0,4.0
0140549056,book_0140549056,,0.0,4.0
0062049577,book_0062049577,,0.0,4.0
0123852226,book_0123852226,,0.0,4.0
0099474468,book_0099474468,,0.0,4.0
026205065X,book_026205065X,,0.0,4.0
0060514558,book_0060514558,,0.0,4.0
0060955775,book_0060955775,,0.0,4.0
0306815729,book_0306815729,,0.0,4.0
0307272192,book_0307272192,,0.0,4.0
0062073575,book_0062073575,,0.0,4.0
0307274810,book_0307274810,,0.0,4.0
0061799254,book_0061799254,,0.0,4.0
0306815192,book_0306815192,,0.0,4.0
0061794732,book_0061794732,,0.0,4.0
0143036041,book_0143036041,,0.0,4.0
0060760257,book_0060760257,,0.0,4.0
0240817265,book_0240817265,,0.0,4.0
0062290363,book_0062290363,,0.0,4.0
0143036475,book_0143036475,,0.0,4.0
0262012782,book_0262012782,,0.0,4.0
0060784156,book_0060784156,,0.0,4.0
0061772127,book_0061772127,,0.0,4.0
0140861580,book_0140861580,,0.0,4.0
006202065X,book_006202065X,,0.0,4.0
0060294671,book_0060294671,,0.0,4.0
0064471969,book_0064471969,,0.0,4.0
0307266850,book_0307266850,,0.0,4.0
006185929X,book_006185929X,,0.0,4.0
0061208590,book_0061208590,,0.0,4.0
0142004030,book_0142004030,,0.0,4.0
0060187271,book_0060187271,,0.0,4.0
0061582417,book_0061582417,,0.0,4.0
0061836923,book_0061836923,,0.0,4.0
0140188444,book_0140188444,,0.0,4.0
0061257257,book_0061257257,,0.0,4.0
0061240443,book_0061240443,,0.0,4.0
0240811631,book_0240811631,,0.0,4.0
0142427543,book_0142427543,,0.0,4.0
0060956739,book_0060956739,,0.0,4.0
0061457965,book_0061457965,,0.0,4.0
0143112066,book_0143112066,,0.0,4.0
0141441321,book_0141441321,,0.0,4.0
0061030961,book_0061030961,,0.0,4.0
0062002392,book_0062002392,,0.0,4.0
0143118226,book_0143118226,,0.0,4.0
0307273393,book_0307273393,,0.0,4.0
0143121251,book_0143121251,,0.0,4.0
0307345785,book_0307345785,,0.0,4.0
0061240419,book_0061240419,,0.0,4.0
0060593237,book_0060593237,,0.0,4.0
0062265970,book_0062265970,,0.0,4.0
0306808420,book_0306808420,,0.0,4.0
0230761607,book_0230761607,,0.0,4.0
0006479758,book_0006479758,,0.0,4.0
0195374614,book_0195374614,,0.0,4.0
014104571X,book_014104571X,,0.0,4.0
0140174613,book_0140174613,,0.0,4.0
0091883768,book_0091883768,,0.0,4.0
0060598840,book_0060598840,,0.0,4.0
0060562366,book_0060562366,,0.0,4.0
006182674X,book_006182674X,,0.0,4.0
0143038419,book_0143038419,,0.0,4.0
030727523X,book_030727523X,,0.0,4.0
014311560X,book_014311560X,,0.0,4.0
006058095X,book_006058095X,,0.0,4.0
0143035223,book_0143035223,,0.0,4.0
0307396045,book_0307396045,,0.0,4.0
0060085452,book_0060085452,,0.0,4.0
0230611567,book_0230611567,,0.0,4.0
0061991066,book_0061991066,,0.0,4.0
0201835959,book_0201835959,,0.0,4.0
0062092812,book_0062092812,,0.0,4.0
0142401978,book_0142401978,,0.0,4.0
0307275728,book_0307275728,,0.0,4.0
0062085484,book_0062085484,,0.0,4.0
0123743702,book_0123743702,,0.0,4.0
0199540039,book_0199540039,,0.0,4.0
0061288500,book_0061288500,,0.0,4.0
006199264X,book_006199264X,,0.0,4.0
0140092501,book_0140092501,,0.0,4.0
0062049607,book_0062049607,,0.0,4.0
0306818868,book_0306818868,,0.0,4.0
0307346811,book_0307346811,,0.0,4.0
0061958328,book_0061958328,,0.0,4.0
0060565438,book_0060565438,,0.0,4.0
0140230270,book_0140230270,,0.0,4.0
0062079603,book_0062079603,,0.0,4.0
0060761350,book_0060761350,,0.0,4.0
0007431201,book_0007431201,,0.0,4.0
0006353282,book_0006353282,,0.0,4.0
006170363X,book_006170363X,,0.0,4.0
0240817745,book_0240817745,,0.0,4.0
0152166696,book_0152166696,,0.0,4.0
0007195524,book_0007195524,,0.0,4.0
0195172418,book_0195172418,,0.0,4.0
0060736593,book_0060736593,,0.0,4.0
0061007358,book_0061007358,,0.0,4.0
0060542705,book_0060542705,,0.0,4.0
0142419044,book_0142419044,,0.0,4.0
0061234931,book_0061234931,,0.0,4.0
0060936223,book_0060936223,,0.0,4.0
0307407926,book_0307407926,,0.0,4.0
0061771929,book_0061771929,,0.0,4.0
0061684244,book_0061684244,,0.0,4.0
0226264017,book_0226264017,,0.0,4.0
015603297X,book_015603297X,,0.0,4.0
0143037110,book_0143037110,,0.0,4.0
0230105033,book_0230105033,,0.0,4.0
0306809583,book_0306809583,,0.0,4.0
0307356175,book_0307356175,,0.0,4.0
0061000019,book_0061000019,,0.0,4.0
0060540907,book_0060540907,,0.0,4.0
0061876763,book_0061876763,,0.0,4.0
006064334X,book_006064334X,,0.0,4.0
0307456625,book_0307456625,,0.0,4.0
0195396901,book_0195396901,,0.0,4.0
0062041282,book_0062041282,,0.0,4.0
0240814134,book_0240814134,,0.0,4.0
0062299034,book_0062299034,,0.0,4.0
0152059261,book_0152059261,,0.0,4.0
0140298401,book_0140298401,,0.0,4.0
0060530383,book_0060530383,,0.0,4.0
0060838728,book_0060838728,,0.0,4.0
0062200348,book_0062200348,,0.0,4.0
0061354163,book_0061354163,,0.0,4.0
0061894419,book_0061894419,,0.0,4.0
0062241443,book_0062241443,,0.0,4.0
0240814258,book_0240814258,,0.0,4.0
0151012792,book_0151012792,,0.0,4.0
0062281305,book_0062281305,,0.0,4.0
006212532X,book_006212532X,,0.0,4.0
0060955376,book_0060955376,,0.0,4.0
0062074024,book_0062074024,,0.0,4.0
0062317474,book_0062317474,,0.0,4.0
0006393195,book_0006393195,,0.0,4.0
006087290X,book_006087290X,,0.0,4.0
0195379799,book_0195379799,,0.0,4.0
0060841826,book_0060841826,,0.0,4.0
0142500402,book_0142500402,,0.0,4.0
0132354977,book_0132354977,,0.0,4.0
0062105485,book_0062105485,,0.0,4.0
0141004924,book_0141004924,,0.0,4.0
0062064851,book_0062064851,,0.0,4.0
0307463176,book_0307463176,,0.0,4.0
0307473120,book_0307473120,,0.0,4.0
0141007036,book_0141007036,,0.0,4.0
0142004820,book_0142004820,,0.0,4.0
0060822120,book_0060822120,,0.0,4.0
0062019457,book_0062019457,,0.0,4.0
0062246879,book_0062246879,,0.0,4.0
0060787295,book_0060787295,,0.0,4.0
0133064786,book_0133064786,,0.0,4.0
0143122029,book_0143122029,,0.0,4.0
0062225200,book_0062225200,,0.0,4.0
006113922X,book_006113922X,,0.0,4.0
0062240307,book_0062240307,,0.0,4.0
0141038985,book_0141038985,,0.0,4.0
0143117149,book_0143117149,,0.0,4.0
0142196835,book_0142196835,,0.0,4.0
0140239405,book_0140239405,,0.0,4.0
0156006529,book_0156006529,,0.0,4.0
006180259X,book_006180259X,,0.0,4.0
0099421860,book_0099421860,,0.0,4.0
0060850825,book_0060850825,,0.0,4.0
0061922978,book_0061922978,,0.0,4.0
0061231452,book_0061231452,,0.0,4.0
006224244X,book_006224244X,,0.0,4.0
0307395391,book_0307395391,,0.0,4.0
0195133544,book_0195133544,,0.0,4.0
0061629758,book_0061629758,,0.0,4.0
0071424911,book_0071424911,,0.0,4.0
0060735449,book_0060735449,,0.0,4.0
0060080841,book_0060080841,,0.0,4.0
0141310685,book_0141310685,,0.0,4.0
0060590254,book_0060590254,,0.0,4.0
0007121121,book_0007121121,,0.0,4.0
0140286780,book_0140286780,,0.0,4.0
0062126903,book_0062126903,,0.0,4.0
0152051139,book_0152051139,,0.0,4.0
030739610X,book_030739610X,,0.0,4.0
0142300675,book_0142300675,,0.0,4.0
0307408841,book_0307408841,,0.0,4.0
0142001821,book_0142001821,,0.0,4.0
0060930217,book_0060930217,,0.0,4.0
0007118899,book_0007118899,,0.0,4.0
0061452564,book_0061452564,,0.0,4.0
0174434804,book_0174434804,,0.0,4.0
0156027739,book_0156027739,,0.0,4.0
014311316X,book_014311316X,,0.0,4.0
0307386724,book_0307386724,,0.0,4.0
0307263185,book_0307263185,,0.0,4.0
0156658992,book_0156658992,,0.0,4.0
0061709719,book_0061709719,,0.0,4.0
0028811135,book_0028811135,,0.0,4.0
0060726652,book_0060726652,,0.0,4.0
0061474479,book_0061474479,,0.0,4.0
0263910466,book_0263910466,,0.0,4.0
0142409332,book_0142409332,,0.0,4.0
0060924713,book_0060924713,,0.0,4.0
0151002304,book_0151002304,,0.0,4.0
0143120492,book_0143120492,,0.0,4.0
0060786809,book_0060786809,,0.0,4.0
0007217838,book_0007217838,,0.0,4.0
0061744654,book_0061744654,,0.0,4.0
0140445358,book_0140445358,,0.0,4.0
0061920908,book_0061920908,,0.0,4.0
0061537136,book_0061537136,,0.0,4.0
014311283X,book_014311283X,,0.0,4.0
0062237446,book_0062237446,,0.0,4.0
0061139785,book_0061139785,,0.0,4.0
0151012172,book_0151012172,,0.0,4.0
0060250488,book_0060250488,,0.0,4.0
0307264785,book_0307264785,,0.0,4.0
0307264211,book_0307264211,,0.0,4.0
0156028417,book_0156028417,,0.0,4.0
0307474593,book_0307474593,,0.0,4.0
0060167181,book_0060167181,,0.0,4.0
0061007226,book_0061007226,,0.0,4.0
0061375969,book_0061375969,,0.0,4.0
006073678X,book_006073678X,,0.0,4.0
0151007209,book_0151007209,,0.0,4.0
0141322209,book_0141322209,,0.0,4.0
0143144111,book_0143144111,,0.0,4.0
014200331X,book_014200331X,,0.0,4.0
0307341569,book_0307341569,,0.0,4.0
0061473081,book_0061473081,,0.0,4.0
0062117882,book_0062117882,,0.0,4.0
0307263703,book_0307263703,,0.0,4.0
0307377938,book_0307377938,,0.0,4.0
0195372883,book_0195372883,,0.0,4.0
0060596341,book_0060596341,,0.0,4.0
0151013772,book_0151013772,,0.0,4.0
0030554624,book_0030554624,,0.0,4.0
0061146315,book_0061146315,,0.0,4.0
0141010118,book_0141010118,,0.0,4.0
0143038303,book_0143038303,,0.0,4.0
0143037706,book_0143037706,,0.0,4.0
0061704237,book_0061704237,,0.0,4.0
0062133950,book_0062133950,,0.0,4.0
0099456451,book_0099456451,,0.0,4.0
0062070223,book_0062070223,,0.0,4.0
0143111965,book_0143111965,,0.0,4.0
0061857653,book_0061857653,,0.0,4.0
0140047573,book_0140047573,,0.0,4.0
0062227378,book_0062227378,,0.0,4.0
0307268373,book_0307268373,,0.0,4.0
0060757450,book_0060757450,,0.0,4.0
0061734977,book_0061734977,,0.0,4.0
0195078942,book_0195078942,,0.0,4.0
0061340278,book_0061340278,,0.0,4.0
0142001740,book_0142001740,,0.0,4.0
0062022644,book_0062022644,,0.0,4.0
0062272586,book_0062272586,,0.0,4.0
0060843071,book_0060843071,,0.0,4.0
0307272265,book_0307272265,,0.0,4.0
0061742120,book_0061742120,,0.0,4.0
030726713X,book_030726713X,,0.0,4.0
0062194348,book_0062194348,,0.0,4.0
0064400034,book_0064400034,,0.0,4.0
0307394913,book_0307394913,,0.0,4.0
0307378705,book_0307378705,,0.0,4.0
0062064487,book_0062064487,,0.0,4.0
0307265234,book_0307265234,,0.0,4.0
006097625X,book_006097625X,,0.0,4.0
0141023961,book_0141023961,,0.0,4.0
0061140988,book_0061140988,,0.0,4.0
0061963097,book_0061963097,,0.0,4.0
0141001844,book_0141001844,,0.0,4.0
0156034441,book_0156034441,,0.0,4.0
0062001345,book_0062001345,,0.0,4.0
0060139129,book_0060139129,,0.0,4.0
0061472549,book_0061472549,,0.0,4.0
0061252425,book_0061252425,,0.0,4.0
0142428280,book_0142428280,,0.0,4.0
0143112562,book_0143112562,,0.0,4.0
0060837012,book_0060837012,,0.0,4.0
006075995X,book_006075995X,,0.0,4.0
0140049975,book_0140049975,,0.0,4.0
0060598999,book_0060598999,,0.0,4.0
0060013125,book_0060013125,,0.0,4.0
0143058266,book_0143058266,,0.0,4.0
0061994715,book_0061994715,,0.0,4.0
0007173687,book_0007173687,,0.0,4.0
0061566136,book_0061566136,,0.0,4.0
0307386791,book_0307386791,,0.0,4.0
0061056480,book_0061056480,,0.0,4.0
0061713716,book_0061713716,,0.0,4.0
0061701246,book_0061701246,,0.0,4.0
0061684384,book_0061684384,,0.0,4.0
006227676X,book_006227676X,,0.0,4.0
0142180815,book_0142180815,,0.0,4.0
0061977969,book_0061977969,,0.0,4.0
0062202529,book_0062202529,,0.0,4.0
0140051996,book_0140051996,,0.0,4.0
006211851X,book_006211851X,,0.0,4.0
0061935107,book_0061935107,,0.0,4.0
000741949X,book_000741949X,,0.0,4.0
0142414204,book_0142414204,,0.0,4.0
0300141939,book_0300141939,,0.0,4.0
0140109277,book_0140109277,,0.0,4.0
0192839993,book_0192839993,,0.0,4.0
0140383956,book_0140383956,,0.0,4.0
0140559965,book_0140559965,,0.0,4.0
0060012382,book_0060012382,,0.0,4.0
0062116851,book_0062116851,,0.0,4.0
0060951974,book_0060951974,,0.0,4.0
0061578916,book_0061578916,,0.0,4.0
0307394050,book_0307394050,,0.0,4.0
0007491263,book_0007491263,,0.0,4.0
0240816250,book_0240816250,,0.0,4.0
0060264306,book_0060264306,,0.0,4.0
0062114743,book_0062114743,,0.0,4.0
0143118234,book_0143118234,,0.0,4.0
0142181129,book_0142181129,,0.0,4.0
0062132822,book_0062132822,,0.0,4.0
0142422010,book_0142422010,,0.0,4.0
0307263991,book_0307263991,,0.0,4.0
006206441X,book_006206441X,,0.0,4.0
0306818086,book_0306818086,,0.0,4.0
0307382729,book_0307382729,,0.0,4.0
0061961175,book_0061961175,,0.0,4.0
0142414395,book_0142414395,,0.0,4.0
0060739479,book_0060739479,,0.0,4.0
0142409405,book_0142409405,,0.0,4.0
0307378152,book_0307378152,,0.0,4.0
015696158X,book_015696158X,,0.0,4.0
0062103733,book_0062103733,,0.0,4.0
0143142887,book_0143142887,,0.0,4.0
0062060740,book_0062060740,,0.0,4.0
0062127756,book_0062127756,,0.0,4.0
0142002933,book_0142002933,,0.0,4.0
0060932309,book_0060932309,,0.0,4.0
0142416894,book_0142416894,,0.0,4.0
0061456799,book_0061456799,,0.0,4.0
0061143464,book_0061143464,,0.0,4.0
0132357771,book_0132357771,,0.0,4.0
0300151306,book_0300151306,,0.0,4.0
0062093703,book_0062093703,,0.0,4.0
0240812379,book_0240812379,,0.0,4.0
0060725117,book_0060725117,,0.0,4.0
006207024X,book_006207024X,,0.0,4.0
006219965X,book_006219965X,,0.0,4.0
0060936428,book_0060936428,,0.0,4.0
0061340324,book_0061340324,,0.0,4.0
0062077287,book_0062077287,,0.0,4.0
0151015023,book_0151015023,,0.0,4.0
0007169914,book_0007169914,,0.0,4.0
0142004812,book_0142004812,,0.0,4.0
0156031442,book_0156031442,,0.0,4.0
0099461846,book_0099461846,,0.0,4.0
0195167716,book_0195167716,,0.0,4.0
014303832X,book_014303832X,,0.0,4.0
0062065890,book_0062065890,,0.0,4.0
0061628662,book_0061628662,,0.0,4.0
0231139624,book_0231139624,,0.0,4.0
0060096160,book_0060096160,,0.0,4.0
0060887419,book_0060887419,,0.0,4.0
0140390847,book_0140390847,,0.0,4.0
0142417769,book_0142417769,,0.0,4.0
0132780933,book_0132780933,,0.0,4.0
0061989711,book_0061989711,,0.0,4.0
000716212X,book_000716212X,,0.0,4.0
0143118587,book_0143118587,,0.0,4.0
0062001817,book_0062001817,,0.0,4.0
0061288845,book_0061288845,,0.0,4.0
0307268357,book_0307268357,,0.0,4.0
0307465209,book_0307465209,,0.0,4.0
0142000892,book_0142000892,,0.0,4.0
006199104X,book_006199104X,,0.0,4.0
0061827649,book_0061827649,,0.0,4.0
0140621199,book_0140621199,,0.0,4.0
0143112937,book_0143112937,,0.0,4.0
0061999768,book_0061999768,,0.0,4.0
0152064346,book_0152064346,,0.0,4.0
0143038923,book_0143038923,,0.0,4.0
0151013845,book_0151013845,,0.0,4.0
0141302690,book_0141302690,,0.0,4.0
014104179X,book_014104179X,,0.0,4.0
0142003247,book_0142003247,,0.0,4.0
0062120182,book_0062120182,,0.0,4.0
0061717142,book_0061717142,,0.0,4.0
0060753617,book_0060753617,,0.0,4.0
0142000868,book_0142000868,,0.0,4.0
009952712X,book_009952712X,,0.0,4.0
0061147958,book_0061147958,,0.0,4.0
0143119826,book_0143119826,,0.0,4.0
0061348171,book_0061348171,,0.0,4.0
0143116827,book_0143116827,,0.0,4.0
0029303605,book_0029303605,,0.0,4.0
0002219417,book_0002219417,,0.0,4.0
0080971385,book_0080971385,,0.0,4.0
0143035657,book_0143035657,,0.0,4.0
0060936649,book_0060936649,,0.0,4.0
0143037072,book_0143037072,,0.0,4.0
0151012237,book_0151012237,,0.0,4.0
0062024418,book_0062024418,,0.0,4.0
0152018484,book_0152018484,,0.0,4.0
0062259652,book_0062259652,,0.0,4.0
0307473716,book_0307473716,,0.0,4.0
0142429104,book_0142429104,,0.0,4.0
0060766905,book_0060766905,,0.0,4.0
0061957895,book_0061957895,,0.0,4.0
0060652950,book_0060652950,,0.0,4.0
0061671738,book_0061671738,,0.0,4.0
0195324870,book_0195324870,,0.0,4.0
006178320X,book_006178320X,,0.0,4.0
0307336190,book_0307336190,,0.0,4.0
030682129X,book_030682129X,,0.0,4.0
0061963135,book_0061963135,,0.0,4.0
0061583073,book_0061583073,,0.0,4.0
0195399781,book_0195399781,,0.0,4.0
0062508342,book_0062508342,,0.0,4.0
014028852X,book_014028852X,,0.0,4.0
0060823720,book_0060823720,,0.0,4.0
0007205236,book_0007205236,,0.0,4.0
0060782153,book_0060782153,,0.0,4.0
0062073680,book_0062073680,,0.0,4.0
0140184031,book_0140184031,,0.0,4.0
0140441409,book_0140441409,,0.0,4.0
0140440356,book_0140440356,,0.0,4.0
0142422959,book_0142422959,,0.0,4.0
0141302860,book_0141302860,,0.0,4.0
0060565411,book_0060565411,,0.0,4.0
0307021106,book_0307021106,,0.0,4.0
0240808428,book_0240808428,,0.0,4.0
0140016015,book_0140016015,,0.0,4.0
0061792268,book_0061792268,,0.0,4.0
0141027592,book_0141027592,,0.0,4.0
0140178406,book_0140178406,,0.0,4.0
0151957479,book_0151957479,,0.0,4.0
0060798912,book_0060798912,,0.0,4.0
012385489X,book_012385489X,,0.0,4.0
0060920084,book_0060920084,,0.0,4.0
0156010860,book_0156010860,,0.0,4.0
0099515261,book_0099515261,,0.0,4.0
0060829818,book_0060829818,,0.0,4.0
0061667528,book_0061667528,,0.0,4.0
0061099708,book_0061099708,,0.0,4.0
0061432660,book_0061432660,,0.0,4.0
030011575X,book_030011575X,,0.0,4.0
0140298479,book_0140298479,,0.0,4.0
0007430590,book_0007430590,,0.0,4.0
0192833928,book_0192833928,,0.0,4.0
0099440687,book_0099440687,,0.0,4.0
0060504072,book_0060504072,,0.0,4.0
0060241497,book_0060241497,,0.0,4.0
023010875X,book_023010875X,,0.0,4.0
0061466425,book_0061466425,,0.0,4.0
0061730939,book_0061730939,,0.0,4.0
0151010331,book_0151010331,,0.0,4.0
0140441654,book_0140441654,,0.0,4.0
0061449091,book_0061449091,,0.0,4.0
0061782149,book_0061782149,,0.0,4.0
0140246967,book_0140246967,,0.0,4.0
0143116169,book_0143116169,,0.0,4.0
000734421X,book_000734421X,,0.0,4.0
0142438006,book_0142438006,,0.0,4.0
0060008806,book_0060008806,,0.0,4.0
0307268438,book_0307268438,,0.0,4.0
0060506725,book_0060506725,,0.0,4.0
0142300705,book_0142300705,,0.0,4.0
0307379108,book_0307379108,,0.0,4.0
0061956317,book_0061956317,,0.0,4.0
0060872896,book_0060872896,,0.0,4.0
0062014552,book_0062014552,,0.0,4.0
0307476391,book_0307476391,,0.0,4.0
0307279480,book_0307279480,,0.0,4.0
0141183756,book_0141183756,,0.0,4.0
0060937661,book_0060937661,,0.0,4.0
0062007467,book_0062007467,,0.0,4.0
0143035339,book_0143035339,,0.0,4.0
0060103590,book_0060103590,,0.0,4.0
0062207296,book_0062207296,,0.0,4.0
0061234001,book_0061234001,,0.0,4.0
0123838487,book_0123838487,,0.0,4.0
0062192213,book_0062192213,,0.0,4.0
0143118463,book_0143118463,,0.0,4.0
0061020699,book_0061020699,,0.0,4.0
0060987324,book_0060987324,,0.0,4.0
0060958588,book_0060958588,,0.0,4.0
0062113763,book_0062113763,,0.0,4.0
0300098227,book_0300098227,,0.0,4.0
0156030470,book_0156030470,,0.0,4.0
0226452387,book_0226452387,,0.0,4.0
0060091290,book_0060091290,,0.0,4.0
0007156634,book_0007156634,,0.0,4.0
0061542881,book_0061542881,,0.0,4.0
0061804193,book_0061804193,,0.0,4.0
0306811758,book_0306811758,,0.0,4.0
0064401871,book_0064401871,,0.0,4.0
0061851892,book_0061851892,,0.0,4.0
0140089225,book_0140089225,,0.0,4.0
0199534314,book_0199534314,,0.0,4.0
0143114395,book_0143114395,,0.0,4.0
0061125350,book_0061125350,,0.0,4.0
0061283940,book_0061283940,,0.0,4.0
0140278796,book_0140278796,,0.0,4.0
0060082739,book_0060082739,,0.0,4.0
0307387437,book_0307387437,,0.0,4.0
006182500X,book_006182500X,,0.0,4.0
0061233781,book_0061233781,,0.0,4.0
0062720732,book_0062720732,,0.0,4.0
0195151747,book_0195151747,,0.0,4.0
0060837721,book_0060837721,,0.0,4.0
0307266877,book_0307266877,,0.0,4.0
0141049553,book_0141049553,,0.0,4.0
0061958069,book_0061958069,,0.0,4.0
0140441328,book_0140441328,,0.0,4.0
0240812832,book_0240812832,,0.0,4.0
0071598286,book_0071598286,,0.0,4.0
0143034855,book_0143034855,,0.0,4.0
0066620694,book_0066620694,,0.0,4.0
0199536066,book_0199536066,,0.0,4.0
0061015725,book_0061015725,,0.0,4.0
0060765259,book_0060765259,,0.0,4.0
0061375802,book_0061375802,,0.0,4.0
0061774618,book_0061774618,,0.0,4.0
0140294325,book_0140294325,,0.0,4.0
0062018965,book_0062018965,,0.0,4.0
0307341518,book_0307341518,,0.0,4.0
0061491896,book_0061491896,,0.0,4.0
0140445226,book_0140445226,,0.0,4.0
0307387089,book_0307387089,,0.0,4.0
0141182210,book_0141182210,,0.0,4.0
0062231707,book_0062231707,,0.0,4.0
0060828579,book_0060828579,,0.0,4.0
0060616342,book_0060616342,,0.0,4.0
0061173975,book_0061173975,,0.0,4.0
0061704326,book_0061704326,,0.0,4.0
0060958707,book_0060958707,,0.0,4.0
0060198338,book_0060198338,,0.0,4.0
0061774596,book_0061774596,,0.0,4.0
0142408816,book_0142408816,,0.0,4.0
0099255871,book_0099255871,,0.0,4.0
0240520939,book_0240520939,,0.0,4.0
0062024655,book_0062024655,,0.0,4.0
0060089539,book_0060089539,,0.0,4.0
0143117912,book_0143117912,,0.0,4.0
0061914185,book_0061914185,,0.0,4.0
0061143618,book_0061143618,,0.0,4.0
0062102222,book_0062102222,,0.0,4.0
0230755062,book_0230755062,,0.0,4.0
0060005521,book_0060005521,,0.0,4.0
0143117319,book_0143117319,,0.0,4.0
0123851858,book_0123851858,,0.0,4.0
0060964049,book_0060964049,,0.0,4.0
0307475999,book_0307475999,,0.0,4.0
0061993158,book_0061993158,,0.0,4.0
0199735603,book_0199735603,,0.0,4.0
0099503093,book_0099503093,,0.0,4.0
0142181439,book_0142181439,,0.0,4.0
0061449474,book_0061449474,,0.0,4.0
0198711905,book_0198711905,,0.0,4.0
014017737X,book_014017737X,,0.0,4.0
0132655683,book_0132655683,,0.0,4.0
0007449232,book_0007449232,,0.0,4.0
0062081055,book_0062081055,,0.0,4.0
0131875159,book_0131875159,,0.0,4.0
0099437597,book_0099437597,,0.0,4.0
0061957917,book_0061957917,,0.0,4.0
015661930X,book_015661930X,,0.0,4.0
0307465357,book_0307465357,,0.0,4.0
0060175699,book_0060175699,,0.0,4.0
0071477845,book_0071477845,,0.0,4.0
0060839139,book_0060839139,,0.0,4.0
0133011429,book_0133011429,,0.0,4.0
0061969672,book_0061969672,,0.0,4.0
006219903X,book_006219903X,,0.0,4.0
0140062289,book_0140062289,,0.0,4.0
0062072064,book_0062072064,,0.0,4.0
0192804812,book_0192804812,,0.0,4.0
0192837974,book_0192837974,,0.0,4.0
0143113658,book_0143113658,,0.0,4.0
0062026879,book_0062026879,,0.0,4.0
0060794410,book_0060794410,,0.0,4.0
0230109527,book_0230109527,,0.0,4.0
006089900X,book_006089900X,,0.0,4.0
0062237845,book_0062237845,,0.0,4.0
0060566116,book_0060566116,,0.0,4.0
0140168540,book_0140168540,,0.0,4.0
0140449124,book_0140449124,,0.0,4.0
0263877957,book_0263877957,,0.0,4.0
0062248731,book_0062248731,,0.0,4.0
0240521838,book_0240521838,,0.0,4.0
0060872950,book_0060872950,,0.0,4.0
006085202X,book_006085202X,,0.0,4.0
014027541X,book_014027541X,,0.0,4.0
006440630X,book_006440630X,,0.0,4.0
0062065653,book_0062065653,,0.0,4.0
0143112155,book_0143112155,,0.0,4.0
0230603904,book_0230603904,,0.0,4.0
0151015422,book_0151015422,,0.0,4.0
0062060783,book_0062060783,,0.0,4.0
007180773X,book_007180773X,,0.0,4.0
0062194070,book_0062194070,,0.0,4.0
0060090367,book_0060090367,,0.0,4.0
0307455572,book_0307455572,,0.0,4.0
0141439629,book_0141439629,,0.0,4.0
0140714723,book_0140714723,,0.0,4.0
0060590270,book_0060590270,,0.0,4.0
0060509406,book_0060509406,,0.0,4.0
0060534044,book_0060534044,,0.0,4.0
0028741013,book_0028741013,,0.0,4.0
0192827510,book_0192827510,,0.0,4.0
0062217070,book_0062217070,,0.0,4.0
0061561630,book_0061561630,,0.0,4.0
0062135252,book_0062135252,,0.0,4.0
0062089765,book_0062089765,,0.0,4.0
0142419176,book_0142419176,,0.0,4.0
0142411175,book_0142411175,,0.0,4.0
0137025149,book_0137025149,,0.0,4.0
0230114563,book_0230114563,,0.0,4.0
0062064630,book_0062064630,,0.0,4.0
006118845X,book_006118845X,,0.0,4.0
0143123629,book_0143123629,,0.0,4.0
013299674X,book_013299674X,,0.0,4.0
0137016611,book_0137016611,,0.0,4.0
0061547565,book_0061547565,,0.0,4.0
0195135156,book_0195135156,,0.0,4.0
0140243283,book_0140243283,,0.0,4.0
0060584009,book_0060584009,,0.0,4.0
0061094234,book_0061094234,,0.0,4.0
006093493X,book_006093493X,,0.0,4.0
0141001461,book_0141001461,,0.0,4.0
0061373559,book_0061373559,,0.0,4.0
0151011389,book_0151011389,,0.0,4.0
0060812451,book_0060812451,,0.0,4.0
0060596503,book_0060596503,,0.0,4.0
0140502114,book_0140502114,,0.0,4.0
0151836000,book_0151836000,,0.0,4.0
0307378519,book_0307378519,,0.0,4.0
0060516402,book_0060516402,,0.0,4.0
0061147931,book_0061147931,,0.0,4.0
0061659223,book_0061659223,,0.0,4.0
014119667X,book_014119667X,,0.0,4.0
0151007403,book_0151007403,,0.0,4.0
0142001325,book_0142001325,,0.0,4.0
0062122908,book_0062122908,,0.0,4.0
0061431648,book_0061431648,,0.0,4.0
0007120699,book_0007120699,,0.0,4.0
006039384X,book_006039384X,,0.0,4.0
0140103767,book_0140103767,,0.0,4.0
0062019406,book_0062019406,,0.0,4.0
0151014248,book_0151014248,,0.0,4.0
0060747579,book_0060747579,,0.0,4.0
0062307304,book_0062307304,,0.0,4.0
0061286052,book_0061286052,,0.0,4.0
0140568085,book_0140568085,,0.0,4.0
0142437913,book_0142437913,,0.0,4.0
0064403688,book_0064403688,,0.0,4.0
0062280678,book_0062280678,,0.0,4.0
0123821924,book_0123821924,,0.0,4.0
0142415561,book_0142415561,,0.0,4.0
0061576557,book_0061576557,,0.0,4.0
0140187480,book_0140187480,,0.0,4.0
0240811887,book_0240811887,,0.0,4.0
0199316899,book_0199316899,,0.0,4.0
0140187502,book_0140187502,,0.0,4.0
0060160101,book_0060160101,,0.0,4.0
0143035282,book_0143035282,,0.0,4.0
0099728605,book_0099728605,,0.0,4.0
0151013667,book_0151013667,,0.0,4.0
0007245823,book_0007245823,,0.0,4.0
0062048554,book_0062048554,,0.0,4.0
0140154418,book_0140154418,,0.0,4.0
0273704745,book_0273704745,,0.0,4.0
006078234X,book_006078234X,,0.0,4.0
006085409X,book_006085409X,,0.0,4.0
006113127X,book_006113127X,,0.0,4.0
0140390839,book_0140390839,,0.0,4.0
0140444254,book_0140444254,,0.0,4.0
0062004662,book_0062004662,,0.0,4.0
0061703613,book_0061703613,,0.0,4.0
0061963151,book_0061963151,,0.0,4.0
0062222473,book_0062222473,,0.0,4.0
006000620X,book_006000620X,,0.0,4.0
0151013691,book_0151013691,,0.0,4.0
0062049836,book_0062049836,,0.0,4.0
0307378527,book_0307378527,,0.0,4.0
0152020683,book_0152020683,,0.0,4.0
0132332906,book_0132332906,,0.0,4.0
0061774790,book_0061774790,,0.0,4.0
006105366X,book_006105366X,,0.0,4.0
0061732311,book_0061732311,,0.0,4.0
0143119303,book_0143119303,,0.0,4.0
0062032992,book_0062032992,,0.0,4.0
0060749822,book_0060749822,,0.0,4.0
0061236802,book_0061236802,,0.0,4.0
0099493691,book_0099493691,,0.0,4.0
0061131245,book_0061131245,,0.0,4.0
0307272672,book_0307272672,,0.0,4.0
0060013168,book_0060013168,,0.0,4.0
0060507403,book_0060507403,,0.0,4.0
0061690449,book_0061690449,,0.0,4.0
0099535297,book_0099535297,,0.0,4.0
0143120042,book_0143120042,,0.0,4.0
0142001732,book_0142001732,,0.0,4.0
0143120611,book_0143120611,,0.0,4.0
0060932384,book_0060932384,,0.0,4.0
0133090396,book_0133090396,,0.0,4.0
0061718947,book_0061718947,,0.0,4.0
014026566X,book_014026566X,,0.0,4.0
006072563X,book_006072563X,,0.0,4.0
0061876879,book_0061876879,,0.0,4.0
0140180923,book_0140180923,,0.0,4.0
0062082310,book_0062082310,,0.0,4.0
0140047433,book_0140047433,,0.0,4.0
0240814959,book_0240814959,,0.0,4.0
0061340294,book_0061340294,,0.0,4.0
0307458830,book_0307458830,,0.0,4.0
0307463729,book_0307463729,,0.0,4.0
0060884738,book_0060884738,,0.0,4.0
0061734799,book_0061734799,,0.0,4.0
0061137995,book_0061137995,,0.0,4.0
0199986118,book_0199986118,,0.0,4.0
0060793481,book_0060793481,,0.0,4.0
0099415372,book_0099415372,,0.0,4.0
0071401946,book_0071401946,,0.0,4.0
006058047X,book_006058047X,,0.0,4.0
0199552320,book_0199552320,,0.0,4.0
0060587059,book_0060587059,,0.0,4.0
0307351246,book_0307351246,,0.0,4.0
014118938X,book_014118938X,,0.0,4.0
0199737509,book_0199737509,,0.0,4.0
0140269444,book_0140269444,,0.0,4.0
0240818628,book_0240818628,,0.0,4.0
0060509422,book_0060509422,,0.0,4.0
0023456108,book_0023456108,,0.0,4.0
0123870291,book_0123870291,,0.0,4.0
0060535954,book_0060535954,,0.0,4.0
0143115723,book_0143115723,,0.0,4.0
0062188364,book_0062188364,,0.0,4.0
0061134082,book_0061134082,,0.0,4.0
0060928557,book_0060928557,,0.0,4.0
0061782238,book_0061782238,,0.0,4.0
0061575437,book_0061575437,,0.0,4.0
0140566511,book_0140566511,,0.0,4.0
0061087130,book_0061087130,,0.0,4.0
0140233946,book_0140233946,,0.0,4.0
0002242052,book_0002242052,,0.0,4.0
0156008351,book_0156008351,,0.0,4.0
0140183000,book_0140183000,,0.0,4.0
0140112952,book_0140112952,,0.0,4.0
0061043532,book_0061043532,,0.0,4.0
0192806629,book_0192806629,,0.0,4.0
0060528885,book_0060528885,,0.0,4.0
0143120654,book_0143120654,,0.0,4.0
0307276902,book_0307276902,,0.0,4.0
0062218336,book_0062218336,,0.0,4.0
015101406X,book_015101406X,,0.0,4.0
0071446435,book_0071446435,,0.0,4.0
0061720437,book_0061720437,,0.0,4.0
0140276629,book_0140276629,,0.0,4.0
0307394956,book_0307394956,,0.0,4.0
0061958948,book_0061958948,,0.0,4.0
030728364X,book_030728364X,,0.0,4.0
019982830X,book_019982830X,,0.0,4.0
0240521544,book_0240521544,,0.0,4.0
0307273555,book_0307273555,,0.0,4.0
0307577198,book_0307577198,,0.0,4.0
0307273571,book_0307273571,,0.0,4.0
0061673404,book_0061673404,,0.0,4.0
0140390170,book_0140390170,,0.0,4.0
0061708704,book_0061708704,,0.0,4.0
0064430464,book_0064430464,,0.0,4.0
0060278234,book_0060278234,,0.0,4.0
0062082930,book_0062082930,,0.0,4.0
0061851809,book_0061851809,,0.0,4.0
006200476X,book_006200476X,,0.0,4.0
015603218X,book_015603218X,,0.0,4.0
0061056901,book_0061056901,,0.0,4.0
0061245577,book_0061245577,,0.0,4.0
014200328X,book_014200328X,,0.0,4.0
0062014536,book_0062014536,,0.0,4.0
0132983214,book_0132983214,,0.0,4.0
0061673889,book_0061673889,,0.0,4.0
0060881305,book_0060881305,,0.0,4.0
0099435624,book_0099435624,,0.0,4.0
0240818733,book_0240818733,,0.0,4.0
0060393203,book_0060393203,,0.0,4.0
0061999032,book_0061999032,,0.0,4.0
030727165X,book_030727165X,,0.0,4.0
0062112244,book_0062112244,,0.0,4.0
0307354199,book_0307354199,,0.0,4.0
0006479677,book_0006479677,,0.0,4.0
0061798940,book_0061798940,,0.0,4.0
0060977582,book_0060977582,,0.0,4.0
0062257803,book_0062257803,,0.0,4.0
0060957867,book_0060957867,,0.0,4.0
0230117570,book_0230117570,,0.0,4.0
0123854962,book_0123854962,,0.0,4.0
0195135210,book_0195135210,,0.0,4.0
0060781114,book_0060781114,,0.0,4.0
0060855894,book_0060855894,,0.0,4.0
0007441290,book_0007441290,,0.0,4.0
014144102X,book_014144102X,,0.0,4.0
0143124218,book_0143124218,,0.0,4.0
0230606121,book_0230606121,,0.0,4.0
0137075456,book_0137075456,,0.0,4.0
0307277461,book_0307277461,,0.0,4.0
0062033689,book_0062033689,,0.0,4.0
0142426059,book_0142426059,,0.0,4.0
0141001763,book_0141001763,,0.0,4.0
0062023012,book_0062023012,,0.0,4.0
019283407X,book_019283407X,,0.0,4.0
0142414352,book_0142414352,,0.0,4.0
0060833149,book_0060833149,,0.0,4.0
0240808657,book_0240808657,,0.0,4.0
0142003190,book_0142003190,,0.0,4.0
0230014801,book_0230014801,,0.0,4.0
0307273601,book_0307273601,,0.0,4.0
0099462370,book_0099462370,,0.0,4.0
0141180641,book_0141180641,,0.0,4.0
0132761610,book_0132761610,,0.0,4.0
0142413909,book_0142413909,,0.0,4.0
0061243582,book_0061243582,,0.0,4.0
006019877X,book_006019877X,,0.0,4.0
0140390316,book_0140390316,,0.0,4.0
0060809035,book_0060809035,,0.0,4.0
0192823698,book_0192823698,,0.0,4.0
0061451053,book_0061451053,,0.0,4.0
0060925531,book_0060925531,,0.0,4.0
0143113593,book_0143113593,,0.0,4.0
0140437487,book_0140437487,,0.0,4.0
0062094599,book_0062094599,,0.0,4.0
0061147117,book_0061147117,,0.0,4.0
0061799289,book_0061799289,,0.0,4.0
0061688975,book_0061688975,,0.0,4.0
0140148590,book_0140148590,,0.0,4.0
0099525895,book_0099525895,,0.0,4.0
0060735422,book_0060735422,,0.0,4.0
006193142X,book_006193142X,,0.0,4.0
0060728884,book_0060728884,,0.0,4.0
0007106246,book_0007106246,,0.0,4.0
0062085611,book_0062085611,,0.0,4.0
0060590130,book_0060590130,,0.0,4.0
0307276414,book_0307276414,,0.0,4.0
030726923X,book_030726923X,,0.0,4.0
0307382508,book_0307382508,,0.0,4.0
0060829613,book_0060829613,,0.0,4.0
0060763418,book_0060763418,,0.0,4.0
0061740063,book_0061740063,,0.0,4.0
0199927928,book_0199927928,,0.0,4.0
0060892994,book_0060892994,,0.0,4.0
0143123920,book_0143123920,,0.0,4.0
0061713244,book_0061713244,,0.0,4.0
0062128051,book_0062128051,,0.0,4.0
0143112511,book_0143112511,,0.0,4.0
0060956690,book_0060956690,,0.0,4.0
0061663417,book_0061663417,,0.0,4.0
0142437883,book_0142437883,,0.0,4.0
0062005022,book_0062005022,,0.0,4.0
0198612583,book_0198612583,,0.0,4.0
0195112075,book_0195112075,,0.0,4.0
0062088122,book_0062088122,,0.0,4.0
0060920432,book_0060920432,,0.0,4.0
0143113305,book_0143113305,,0.0,4.0
0062073419,book_0062073419,,0.0,4.0
0307277186,book_0307277186,,0.0,4.0
0061030635,book_0061030635,,0.0,4.0
0142002046,book_0142002046,,0.0,4.0
0140376410,book_0140376410,,0.0,4.0
0143037455,book_0143037455,,0.0,4.0
0006530699,book_0006530699,,0.0,4.0
0060923407,book_0060923407,,0.0,4.0
0143035908,book_0143035908,,0.0,4.0
0062021346,book_0062021346,,0.0,4.0
030726291X,book_030726291X,,0.0,4.0
0062049763,book_0062049763,,0.0,4.0
0133066339,book_0133066339,,0.0,4.0
0060748095,book_0060748095,,0.0,4.0
0142003220,book_0142003220,,0.0,4.0
0142403873,book_0142403873,,0.0,4.0
0240811240,book_0240811240,,0.0,4.0
0307277240,book_0307277240,,0.0,4.0
0061562343,book_0061562343,,0.0,4.0
0066214769,book_0066214769,,0.0,4.0
014037454X,book_014037454X,,0.0,4.0
0307276716,book_0307276716,,0.0,4.0
0060934867,book_0060934867,,0.0,4.0
0307406318,book_0307406318,,0.0,4.0
0143112724,book_0143112724,,0.0,4.0
0140434887,book_0140434887,,0.0,4.0
0140435387,book_0140435387,,0.0,4.0
0071747044,book_0071747044,,0.0,4.0
0143142291,book_0143142291,,0.0,4.0
0061003832,book_0061003832,,0.0,4.0
0061351466,book_0061351466,,0.0,4.0
0062106066,book_0062106066,,0.0,4.0
0307387992,book_0307387992,,0.0,4.0
0062118021,book_0062118021,,0.0,4.0
0062022334,book_0062022334,,0.0,4.0
0061432717,book_0061432717,,0.0,4.0
0060081600,book_0060081600,,0.0,4.0
0143116630,book_0143116630,,0.0,4.0
0123822319,book_0123822319,,0.0,4.0
0006498000,book_0006498000,,0.0,4.0
0137002556,book_0137002556,,0.0,4.0
0061344621,book_0061344621,,0.0,4.0
0062283014,book_0062283014,,0.0,4.0
0060773758,book_0060773758,,0.0,4.0
0307383415,book_0307383415,,0.0,4.0
0061960306,book_0061960306,,0.0,4.0
014318749X,book_014318749X,,0.0,4.0
0060564571,book_0060564571,,0.0,4.0
0137083645,book_0137083645,,0.0,4.0
0143119532,book_0143119532,,0.0,4.0
0062123270,book_0062123270,,0.0,4.0
030727716X,book_030727716X,,0.0,4.0
0071471723,book_0071471723,,0.0,4.0
0061974587,book_0061974587,,0.0,4.0
0060777095,book_0060777095,,0.0,4.0
0140340343,book_0140340343,,0.0,4.0
014312272X,book_014312272X,,0.0,4.0
0061214957,book_0061214957,,0.0,4.0
0307209865,book_0307209865,,0.0,4.0
0062026089,book_0062026089,,0.0,4.0
0061782246,book_0061782246,,0.0,4.0
0137154356,book_0137154356,,0.0,4.0
0140277447,book_0140277447,,0.0,4.0
0060952822,book_0060952822,,0.0,4.0
0061128899,book_0061128899,,0.0,4.0
006000942X,book_006000942X,,0.0,4.0
0060827882,book_0060827882,,0.0,4.0
0307275019,book_0307275019,,0.0,4.0
0062197339,book_0062197339,,0.0,4.0
0061997749,book_0061997749,,0.0,4.0
0060282983,book_0060282983,,0.0,4.0
0060014016,book_0060014016,,0.0,4.0
0142428884,book_0142428884,,0.0,4.0
0060931302,book_0060931302,,0.0,4.0
0152049126,book_0152049126,,0.0,4.0
0062273248,book_0062273248,,0.0,4.0
006223885X,book_006223885X,,0.0,4.0
006072644X,book_006072644X,,0.0,4.0
0151005567,book_0151005567,,0.0,4.0
030747335X,book_030747335X,,0.0,4.0
015601226X,book_015601226X,,0.0,4.0
0060765143,book_0060765143,,0.0,4.0
0143113895,book_0143113895,,0.0,4.0
0123919266,book_0123919266,,0.0,4.0
0061256803,book_0061256803,,0.0,4.0
0020519109,book_0020519109,,0.0,4.0
0062127640,book_0062127640,,0.0,4.0
0071360492,book_0071360492,,0.0,4.0
0061245607,book_0061245607,,0.0,4.0
0307452492,book_0307452492,,0.0,4.0
0061655945,book_0061655945,,0.0,4.0
0156034042,book_0156034042,,0.0,4.0
0140320970,book_0140320970,,0.0,4.0
0140035206,book_0140035206,,0.0,4.0
006195702X,book_006195702X,,0.0,4.0
0061450545,book_0061450545,,0.0,4.0
0143142356,book_0143142356,,0.0,4.0
0061093580,book_0061093580,,0.0,4.0
0060529148,book_0060529148,,0.0,4.0
0156030888,book_0156030888,,0.0,4.0
0061939234,book_0061939234,,0.0,4.0
0060874309,book_0060874309,,0.0,4.0
0307336794,book_0307336794,,0.0,4.0
0140447830,book_0140447830,,0.0,4.0
0061965804,book_0061965804,,0.0,4.0
0152063684,book_0152063684,,0.0,4.0
0232525005,book_0232525005,,0.0,4.0
0156006243,book_0156006243,,0.0,4.0
0062004042,book_0062004042,,0.0,4.0
0002051850,book_0002051850,,0.0,4.0
0061771759,book_0061771759,,0.0,4.0
0143113623,book_0143113623,,0.0,4.0
0192836684,book_0192836684,,0.0,4.0
0061668095,book_0061668095,,0.0,4.0
0061699934,book_0061699934,,0.0,4.0
0061097497,book_0061097497,,0.0,4.0
0142002607,book_0142002607,,0.0,4.0
0143036351,book_0143036351,,0.0,4.0
0062068520,book_0062068520,,0.0,4.0
0143122797,book_0143122797,,0.0,4.0
0307266869,book_0307266869,,0.0,4.0
0156711427,book_0156711427,,0.0,4.0
0007486774,book_0007486774,,0.0,4.0
0195037979,book_0195037979,,0.0,4.0
0099460238,book_0099460238,,0.0,4.0
0061236233,book_0061236233,,0.0,4.0
0307275825,book_0307275825,,0.0,4.0
0307346501,book_0307346501,,0.0,4.0
0062136585,book_0062136585,,0.0,4.0
0240813200,book_0240813200,,0.0,4.0
0060875496,book_0060875496,,0.0,4.0
0195329430,book_0195329430,,0.0,4.0
0140433880,book_0140433880,,0.0,4.0
0061093491,book_0061093491,,0.0,4.0
0061492175,book_0061492175,,0.0,4.0
0064408647,book_0064408647,,0.0,4.0
0123814200,book_0123814200,,0.0,4.0
0060591102,book_0060591102,,0.0,4.0
0140444270,book_0140444270,,0.0,4.0
014241722X,book_014241722X,,0.0,4.0
0062020625,book_0062020625,,0.0,4.0
0141180781,book_0141180781,,0.0,4.0
0061474622,book_0061474622,,0.0,4.0
0061668125,book_0061668125,,0.0,4.0
0099478722,book_0099478722,,0.0,4.0
0060741872,book_0060741872,,0.0,4.0
0060541814,book_0060541814,,0.0,4.0
0060582677,book_0060582677,,0.0,4.0
0143113879,book_0143113879,,0.0,4.0
0142420840,book_0142420840,,0.0,4.0
0226320553,book_0226320553,,0.0,4.0
0143118285,book_0143118285,,0.0,4.0
0062064223,book_0062064223,,0.0,4.0
0060560053,book_0060560053,,0.0,4.0
0060957379,book_0060957379,,0.0,4.0
014028088X,book_014028088X,,0.0,4.0
0060758295,book_0060758295,,0.0,4.0
0061779768,book_0061779768,,0.0,4.0
0141439769,book_0141439769,,0.0,4.0
0307345424,book_0307345424,,0.0,4.0
0061124567,book_0061124567,,0.0,4.0
0142415103,book_0142415103,,0.0,4.0
0061235156,book_0061235156,,0.0,4.0
0060520507,book_0060520507,,0.0,4.0
0060541644,book_0060541644,,0.0,4.0
0061668036,book_0061668036,,0.0,4.0
0195327624,book_0195327624,,0.0,4.0
0061965537,book_0061965537,,0.0,4.0
0060795484,book_0060795484,,0.0,4.0
0061451541,book_0061451541,,0.0,4.0
014001599X,book_014001599X,,0.0,4.0
0062297600,book_0062297600,,0.0,4.0
0060628626,book_0060628626,,0.0,4.0
0140366709,book_0140366709,,0.0,4.0
0143034367,book_0143034367,,0.0,4.0
0060592885,book_0060592885,,0.0,4.0
0142002364,book_0142002364,,0.0,4.0
0307379175,book_0307379175,,0.0,4.0
0060554738,book_0060554738,,0.0,4.0
006076015X,book_006076015X,,0.0,4.0
0099478447,book_0099478447,,0.0,4.0
0099524252,book_0099524252,,0.0,4.0
0061430986,book_0061430986,,0.0,4.0
0061646636,book_0061646636,,0.0,4.0
0062294377,book_0062294377,,0.0,4.0
0143115901,book_0143115901,,0.0,4.0
0307335992,book_0307335992,,0.0,4.0
0099451751,book_0099451751,,0.0,4.0
0099512742,book_0099512742,,0.0,4.0
0307453278,book_0307453278,,0.0,4.0
0061960942,book_0061960942,,0.0,4.0
0241951615,book_0241951615,,0.0,4.0
0151006091,book_0151006091,,0.0,4.0
0143119877,book_0143119877,,0.0,4.0
0300117434,book_0300117434,,0.0,4.0
0240520807,book_0240520807,,0.0,4.0
0060594454,book_0060594454,,0.0,4.0
0062073869,book_0062073869,,0.0,4.0
0060559349,book_0060559349,,0.0,4.0
0060198753,book_0060198753,,0.0,4.0
0151006261,book_0151006261,,0.0,4.0
0061490156,book_0061490156,,0.0,4.0
0142002283,book_0142002283,,0.0,4.0
0142180653,book_0142180653,,0.0,4.0
0061825867,book_0061825867,,0.0,4.0
0307390500,book_0307390500,,0.0,4.0
0307388921,book_0307388921,,0.0,4.0
0061231509,book_0061231509,,0.0,4.0
0307277690,book_0307277690,,0.0,4.0
0307275833,book_0307275833,,0.0,4.0
0143038435,book_0143038435,,0.0,4.0
0307455491,book_0307455491,,0.0,4.0
0062294059,book_0062294059,,0.0,4.0
0061044040,book_0061044040,,0.0,4.0
0007317735,book_0007317735,,0.0,4.0
0061670138,book_0061670138,,0.0,4.0
030681188X,book_030681188X,,0.0,4.0
0060519592,book_0060519592,,0.0,4.0
0307460630,book_0307460630,,0.0,4.0
0140281118,book_0140281118,,0.0,4.0
0137084927,book_0137084927,,0.0,4.0
0142411906,book_0142411906,,0.0,4.0
0143112082,book_0143112082,,0.0,4.0
0061969613,book_0061969613,,0.0,4.0
0060544376,book_0060544376,,0.0,4.0
0152938230,book_0152938230,,0.0,4.0
006232344X,book_006232344X,,0.0,4.0
0062047523,book_0062047523,,0.0,4.0
0062202359,book_0062202359,,0.0,4.0
0006499163,book_0006499163,,0.0,4.0
0151015392,book_0151015392,,0.0,4.0
0152053107,book_0152053107,,0.0,4.0
0142419109,book_0142419109,,0.0,4.0
0060876107,book_0060876107,,0.0,4.0
0140424393,book_0140424393,,0.0,4.0
0061965677,book_0061965677,,0.0,4.0
0099451743,book_0099451743,,0.0,4.0
0061724769,book_0061724769,,0.0,4.0
0307395030,book_0307395030,,0.0,4.0
0132733102,book_0132733102,,0.0,4.0
0061958875,book_0061958875,,0.0,4.0
0061340634,book_0061340634,,0.0,4.0
0060562498,book_0060562498,,0.0,4.0
0156006219,book_0156006219,,0.0,4.0
0060195827,book_0060195827,,0.0,4.0
0143144006,book_0143144006,,0.0,4.0
0060989238,book_0060989238,,0.0,4.0
0140443274,book_0140443274,,0.0,4.0
0061730327,book_0061730327,,0.0,4.0
0143119435,book_0143119435,,0.0,4.0
006225930X,book_006225930X,,0.0,4.0
0307275973,book_0307275973,,0.0,4.0
014014773X,book_014014773X,,0.0,4.0
0151001634,book_0151001634,,0.0,4.0
0061441708,book_0061441708,,0.0,4.0
0099281996,book_0099281996,,0.0,4.0
0061097845,book_0061097845,,0.0,4.0
0140166157,book_0140166157,,0.0,4.0
0061020400,book_0061020400,,0.0,4.0
0142302384,book_0142302384,,0.0,4.0
0143034790,book_0143034790,,0.0,4.0
0060512202,book_0060512202,,0.0,4.0
0060190434,book_0060190434,,0.0,4.0
0060781505,book_0060781505,,0.0,4.0
0060196092,book_0060196092,,0.0,4.0
0061728934,book_0061728934,,0.0,4.0
0060531827,book_0060531827,,0.0,4.0
0143124870,book_0143124870,,0.0,4.0
0061566179,book_0061566179,,0.0,4.0
0060198788,book_0060198788,,0.0,4.0
0061579238,book_0061579238,,0.0,4.0
0062184849,book_0062184849,,0.0,4.0
0240813286,book_0240813286,,0.0,4.0
0131576070,book_0131576070,,0.0,4.0
006218363X,book_006218363X,,0.0,4.0
0195393759,book_0195393759,,0.0,4.0
0142428469,book_0142428469,,0.0,4.0
0195004566,book_0195004566,,0.0,4.0
0062218832,book_0062218832,,0.0,4.0
0060609192,book_0060609192,,0.0,4.0
006056251X,book_006056251X,,0.0,4.0
0061914622,book_0061914622,,0.0,4.0
0143125346,book_0143125346,,0.0,4.0
0151005869,book_0151005869,,0.0,4.0
0066212960,book_0066212960,,0.0,4.0
0141180358,book_0141180358,,0.0,4.0
0061474452,book_0061474452,,0.0,4.0
0060653019,book_0060653019,,0.0,4.0
0061719242,book_0061719242,,0.0,4.0
0142800376,book_0142800376,,0.0,4.0
0007289103,book_0007289103,,0.0,4.0
0240816277,book_0240816277,,0.0,4.0
0062328050,book_0062328050,,0.0,4.0
0156439611,book_0156439611,,0.0,4.0
0062004034,book_0062004034,,0.0,4.0
0143037250,book_0143037250,,0.0,4.0
0062015079,book_0062015079,,0.0,4.0
0240817591,book_0240817591,,0.0,4.0
0061008737,book_0061008737,,0.0,4.0
0307472205,book_0307472205,,0.0,4.0
0060799242,book_0060799242,,0.0,4.0
0307282694,book_0307282694,,0.0,4.0
0307262995,book_0307262995,,0.0,4.0
0061628689,book_0061628689,,0.0,4.0
0060520752,book_0060520752,,0.0,4.0
0143116606,book_0143116606,,0.0,4.0
0062304828,book_0062304828,,0.0,4.0
0307446700,book_0307446700,,0.0,4.0
0062267337,book_0062267337,,0.0,4.0
0062025724,book_0062025724,,0.0,4.0
0060534389,book_0060534389,,0.0,4.0
0142001538,book_0142001538,,0.0,4.0
0307270246,book_0307270246,,0.0,4.0
0060560150,book_0060560150,,0.0,4.0
0240812069,book_0240812069,,0.0,4.0
0060545690,book_0060545690,,0.0,4.0
0307270785,book_0307270785,,0.0,4.0
0099581876,book_0099581876,,0.0,4.0
0060558288,book_0060558288,,0.0,4.0
0307277941,book_0307277941,,0.0,4.0
014242935X,book_014242935X,,0.0,4.0
0062059998,book_0062059998,,0.0,4.0
0307454231,book_0307454231,,0.0,4.0
0142426555,book_0142426555,,0.0,4.0
0071392319,book_0071392319,,0.0,4.0
0061986747,book_0061986747,,0.0,4.0
0099533014,book_0099533014,,0.0,4.0
0060882638,book_0060882638,,0.0,4.0
0133017907,book_0133017907,,0.0,4.0
0061433012,book_0061433012,,0.0,4.0
0061153907,book_0061153907,,0.0,4.0
0140120831,book_0140120831,,0.0,4.0
006050532X,book_006050532X,,0.0,4.0
030733855X,book_030733855X,,0.0,4.0
0062018973,book_0062018973,,0.0,4.0
0240815513,book_0240815513,,0.0,4.0
0061898643,book_0061898643,,0.0,4.0
0156027518,book_0156027518,,0.0,4.0
0143036084,book_0143036084,,0.0,4.0
0137142900,book_0137142900,,0.0,4.0
0027116905,book_0027116905,,0.0,4.0
0062121308,book_0062121308,,0.0,4.0
0061007145,book_0061007145,,0.0,4.0
0060744871,book_0060744871,,0.0,4.0
0007158505,book_0007158505,,0.0,4.0
0060288132,book_0060288132,,0.0,4.0
0062105760,book_0062105760,,0.0,4.0
0307278441,book_0307278441,,0.0,4.0
0143112368,book_0143112368,,0.0,4.0
006109398X,book_006109398X,,0.0,4.0
0007420765,book_0007420765,,0.0,4.0
0071592083,book_0071592083,,0.0,4.0
0142429147,book_0142429147,,0.0,4.0
0140069305,book_0140069305,,0.0,4.0
0007337701,book_0007337701,,0.0,4.0
0192818481,book_0192818481,,0.0,4.0
0062107380,book_0062107380,,0.0,4.0
0062117378,book_0062117378,,0.0,4.0
0061934747,book_0061934747,,0.0,4.0
0060843691,book_0060843691,,0.0,4.0
0143120646,book_0143120646,,0.0,4.0
0195341546,book_0195341546,,0.0,4.0
0143170090,book_0143170090,,0.0,4.0
0140271694,book_0140271694,,0.0,4.0
0062208381,book_0062208381,,0.0,4.0
0140282556,book_0140282556,,0.0,4.0
0307264912,book_0307264912,,0.0,4.0
0307351262,book_0307351262,,0.0,4.0
0062245384,book_0062245384,,0.0,4.0
0060083247,book_0060083247,,0.0,4.0
0143115138,book_0143115138,,0.0,4.0
0133040240,book_0133040240,,0.0,4.0
0143123300,book_0143123300,,0.0,4.0
0062028529,book_0062028529,,0.0,4.0
0062022458,book_0062022458,,0.0,4.0
0061876909,book_0061876909,,0.0,4.0
0143038974,book_0143038974,,0.0,4.0
0141186690,book_0141186690,,0.0,4.0
0140434135,book_0140434135,,0.0,4.0
0060092645,book_0060092645,,0.0,4.0
0060534397,book_0060534397,,0.0,4.0
0062234463,book_0062234463,,0.0,4.0
014241381X,book_014241381X,,0.0,4.0
0061474290,book_0061474290,,0.0,4.0
0060927216,book_0060927216,,0.0,4.0
006123625X,book_006123625X,,0.0,4.0
0141802766,book_0141802766,,0.0,4.0
0029117062,book_0029117062,,0.0,4.0
0060821469,book_0060821469,,0.0,4.0
0061794716,book_0061794716,,0.0,4.0
0062011839,book_0062011839,,0.0,4.0
0071357734,book_0071357734,,0.0,4.0
0062073729,book_0062073729,,0.0,4.0
0062041193,book_0062041193,,0.0,4.0
0062305301,book_0062305301,,0.0,4.0
0061230979,book_0061230979,,0.0,4.0
0099532530,book_0099532530,,0.0,4.0
0062073745,book_0062073745,,0.0,4.0
0062184687,book_0062184687,,0.0,4.0
0307378489,book_0307378489,,0.0,4.0
0307263649,book_0307263649,,0.0,4.0
0061173509,book_0061173509,,0.0,4.0
030727733X,book_030727733X,,0.0,4.0
0061732826,book_0061732826,,0.0,4.0
0099474360,book_0099474360,,0.0,4.0
0123860016,book_0123860016,,0.0,4.0
0142428949,book_0142428949,,0.0,4.0
0142000809,book_0142000809,,0.0,4.0
0142001953,book_0142001953,,0.0,4.0
0060790857,book_0060790857,,0.0,4.0
0142196754,book_0142196754,,0.0,4.0
0151334811,book_0151334811,,0.0,4.0
0195170253,book_0195170253,,0.0,4.0
0151012709,book_0151012709,,0.0,4.0
0064473368,book_0064473368,,0.0,4.0
0060763450,book_0060763450,,0.0,4.0
0142414727,book_0142414727,,0.0,4.0
0307454290,book_0307454290,,0.0,4.0
0060567643,book_0060567643,,0.0,4.0
0156347113,book_0156347113,,0.0,4.0
0156364654,book_0156364654,,0.0,4.0
0062130145,book_0062130145,,0.0,4.0
0060572140,book_0060572140,,0.0,4.0
0060974680,book_0060974680,,0.0,4.0
0143037749,book_0143037749,,0.0,4.0
0099484927,book_0099484927,,0.0,4.0
0195387627,book_0195387627,,0.0,4.0
0060779381,book_0060779381,,0.0,4.0
0061730866,book_0061730866,,0.0,4.0
0061667846,book_0061667846,,0.0,4.0
0142405795,book_0142405795,,0.0,4.0
0061997188,book_0061997188,,0.0,4.0
0007506236,book_0007506236,,0.0,4.0
0240812182,book_0240812182,,0.0,4.0
0156904586,book_0156904586,,0.0,4.0
0141439580,book_0141439580,,0.0,4.0
0061706302,book_0061706302,,0.0,4.0
006134477X,book_006134477X,,0.0,4.0
0307377695,book_0307377695,,0.0,4.0
0141441895,book_0141441895,,0.0,4.0
0307275442,book_0307275442,,0.0,4.0
0062205749,book_0062205749,,0.0,4.0
0060742445,book_0060742445,,0.0,4.0
0140185011,book_0140185011,,0.0,4.0
0062019805,book_0062019805,,0.0,4.0
0306818078,book_0306818078,,0.0,4.0
0307267105,book_0307267105,,0.0,4.0
0061624772,book_0061624772,,0.0,4.0
0307265757,book_0307265757,,0.0,4.0
0060565322,book_0060565322,,0.0,4.0
0152024603,book_0152024603,,0.0,4.0
0061672475,book_0061672475,,0.0,4.0
0192815873,book_0192815873,,0.0,4.0
0307378187,book_0307378187,,0.0,4.0
000721278X,book_000721278X,,0.0,4.0
0061000027,book_0061000027,,0.0,4.0
0151012458,book_0151012458,,0.0,4.0
0060560029,book_0060560029,,0.0,4.0
0240812085,book_0240812085,,0.0,4.0
0060515120,book_0060515120,,0.0,4.0
0131963635,book_0131963635,,0.0,4.0
0141000023,book_0141000023,,0.0,4.0
0071601414,book_0071601414,,0.0,4.0
0142429368,book_0142429368,,0.0,4.0
0138158053,book_0138158053,,0.0,4.0
0060097957,book_0060097957,,0.0,4.0
0307269973,book_0307269973,,0.0,4.0
0281060908,book_0281060908,,0.0,4.0
0062085743,book_0062085743,,0.0,4.0
0006499317,book_0006499317,,0.0,4.0
0002318652,book_0002318652,,0.0,4.0
0140188479,book_0140188479,,0.0,4.0
0061765805,book_0061765805,,0.0,4.0
0152057641,book_0152057641,,0.0,4.0
0060279710,book_0060279710,,0.0,4.0
0142425036,book_0142425036,,0.0,4.0
0307409368,book_0307409368,,0.0,4.0
0143143646,book_0143143646,,0.0,4.0
0307390756,book_0307390756,,0.0,4.0
0143143751,book_0143143751,,0.0,4.0
0240522141,book_0240522141,,0.0,4.0
0061284416,book_0061284416,,0.0,4.0
0199572194,book_0199572194,,0.0,4.0
0142002836,book_0142002836,,0.0,4.0
0060932139,book_0060932139,,0.0,4.0
0060192097,book_0060192097,,0.0,4.0
0062073710,book_0062073710,,0.0,4.0
0062022326,book_0062022326,,0.0,4.0
0133092569,book_0133092569,,0.0,4.0
0099451832,book_0099451832,,0.0,4.0
0140077022,book_0140077022,,0.0,4.0
0152046917,book_0152046917,,0.0,4.0
0307271005,book_0307271005,,0.0,4.0
0060515104,book_0060515104,,0.0,4.0
030726369X,book_030726369X,,0.0,4.0
0062273655,book_0062273655,,0.0,4.0
0060565551,book_0060565551,,0.0,4.0
0062092782,book_0062092782,,0.0,4.0
0061660116,book_0061660116,,0.0,4.0
0143117467,book_0143117467,,0.0,4.0
0061834785,book_0061834785,,0.0,4.0
0060009268,book_0060009268,,0.0,4.0
0061662453,book_0061662453,,0.0,4.0
006440188X,book_006440188X,,0.0,4.0
019855575X,book_019855575X,,0.0,4.0
006198390X,book_006198390X,,0.0,4.0
0060587245,book_0060587245,,0.0,4.0
0060008776,book_0060008776,,0.0,4.0
0061733636,book_0061733636,,0.0,4.0
0156029022,book_0156029022,,0.0,4.0
006212255X,book_006212255X,,0.0,4.0
0099445549,book_0099445549,,0.0,4.0
0141182806,book_0141182806,,0.0,4.0
0307463974,book_0307463974,,0.0,4.0
0062105655,book_0062105655,,0.0,4.0
0060874368,book_0060874368,,0.0,4.0
014311557X,book_014311557X,,0.0,4.0
0142410756,book_0142410756,,0.0,4.0
0307264556,book_0307264556,,0.0,4.0
0307266583,book_0307266583,,0.0,4.0
0060734973,book_0060734973,,0.0,4.0
014018936X,book_014018936X,,0.0,4.0
0061714305,book_0061714305,,0.0,4.0
0061431834,book_0061431834,,0.0,4.0
0061252514,book_0061252514,,0.0,4.0
0062243322,book_0062243322,,0.0,4.0
0307279936,book_0307279936,,0.0,4.0
0142408883,book_0142408883,,0.0,4.0
0143145347,book_0143145347,,0.0,4.0
0143116916,book_0143116916,,0.0,4.0
0061134007,book_0061134007,,0.0,4.0
0062259512,book_0062259512,,0.0,4.0
0307395057,book_0307395057,,0.0,4.0
0080971741,book_0080971741,,0.0,4.0
0142417491,book_0142417491,,0.0,4.0
0300110154,book_0300110154,,0.0,4.0
0062072900,book_0062072900,,0.0,4.0
0140444491,book_0140444491,,0.0,4.0
0061132217,book_0061132217,,0.0,4.0
0060930632,book_0060930632,,0.0,4.0
0060548789,book_0060548789,,0.0,4.0
0091953855,book_0091953855,,0.0,4.0
0060854030,book_0060854030,,0.0,4.0
0140430571,book_0140430571,,0.0,4.0
0307389189,book_0307389189,,0.0,4.0
0061031321,book_0061031321,,0.0,4.0
0307339882,book_0307339882,,0.0,4.0
0151011451,book_0151011451,,0.0,4.0
0140433392,book_0140433392,,0.0,4.0
0060530464,book_0060530464,,0.0,4.0
0061161705,book_0061161705,,0.0,4.0
0060090383,book_0060090383,,0.0,4.0
006201983X,book_006201983X,,0.0,4.0
0151012229,book_0151012229,,0.0,4.0
0137079273,book_0137079273,,0.0,4.0
0061992704,book_0061992704,,0.0,4.0
0307265730,book_0307265730,,0.0,4.0
0062012320,book_0062012320,,0.0,4.0
0060882107,book_0060882107,,0.0,4.0
0143113720,book_0143113720,,0.0,4.0
0142002801,book_0142002801,,0.0,4.0
0307408574,book_0307408574,,0.0,4.0
0061453099,book_0061453099,,0.0,4.0
0143121162,book_0143121162,,0.0,4.0
0152051155,book_0152051155,,0.0,4.0
0061964395,book_0061964395,,0.0,4.0
0143034758,book_0143034758,,0.0,4.0
0060142782,book_0060142782,,0.0,4.0
0192840312,book_0192840312,,0.0,4.0
0306815176,book_0306815176,,0.0,4.0
0142415758,book_0142415758,,0.0,4.0
0142437360,book_0142437360,,0.0,4.0
0060096195,book_0060096195,,0.0,4.0
0151014531,book_0151014531,,0.0,4.0
014026972X,book_014026972X,,0.0,4.0
0061138142,book_0061138142,,0.0,4.0
0061659282,book_0061659282,,0.0,4.0
0140249435,book_0140249435,,0.0,4.0
0061656089,book_0061656089,,0.0,4.0
0307272168,book_0307272168,,0.0,4.0
0007423632,book_0007423632,,0.0,4.0
0140546936,book_0140546936,,0.0,4.0
0140186832,book_0140186832,,0.0,4.0
0230342213,book_0230342213,,0.0,4.0
006056198X,book_006056198X,,0.0,4.0
0307377040,book_0307377040,,0.0,4.0
0061173002,book_0061173002,,0.0,4.0
0061140325,book_0061140325,,0.0,4.0
0060280778,book_0060280778,,0.0,4.0
0307389642,book_0307389642,,0.0,4.0
0061243272,book_0061243272,,0.0,4.0
0307270181,book_0307270181,,0.0,4.0
0140446389,book_0140446389,,0.0,4.0
0099529734,book_0099529734,,0.0,4.0
0060598484,book_0060598484,,0.0,4.0
0060929987,book_0060929987,,0.0,4.0
0143119508,book_0143119508,,0.0,4.0
0061133973,book_0061133973,,0.0,4.0
0240820312,book_0240820312,,0.0,4.0
0061043583,book_0061043583,,0.0,4.0
0061187844,book_0061187844,,0.0,4.0
0060931914,book_0060931914,,0.0,4.0
0062273205,book_0062273205,,0.0,4.0
014143998X,book_014143998X,,0.0,4.0
0062020641,book_0062020641,,0.0,4.0
0061123226,book_0061123226,,0.0,4.0
0060277270,book_0060277270,,0.0,4.0
0061097357,book_0061097357,,0.0,4.0
0142003492,book_0142003492,,0.0,4.0
0061656003,book_0061656003,,0.0,4.0
0142004332,book_0142004332,,0.0,4.0
0060609176,book_0060609176,,0.0,4.0
014130975X,book_014130975X,,0.0,4.0
0060598964,book_0060598964,,0.0,4.0
0132790076,book_0132790076,,0.0,4.0
0307346544,book_0307346544,,0.0,4.0
0060557354,book_0060557354,,0.0,4.0
0140481389,book_0140481389,,0.0,4.0
006222106X,book_006222106X,,0.0,4.0
0307264645,book_0307264645,,0.0,4.0
0062024612,book_0062024612,,0.0,4.0
0007228023,book_0007228023,,0.0,4.0
0062221213,book_0062221213,,0.0,4.0
006074104X,book_006074104X,,0.0,4.0
0060931418,book_0060931418,,0.0,4.0
0307454703,book_0307454703,,0.0,4.0
0156031612,book_0156031612,,0.0,4.0
0060832819,book_0060832819,,0.0,4.0
0062133438,book_0062133438,,0.0,4.0
0307275132,book_0307275132,,0.0,4.0
0141304278,book_0141304278,,0.0,4.0
0060581778,book_0060581778,,0.0,4.0
0140150358,book_0140150358,,0.0,4.0
0062245171,book_0062245171,,0.0,4.0
0307450589,book_0307450589,,0.0,4.0
0060010800,book_0060010800,,0.0,4.0
0061229652,book_0061229652,,0.0,4.0
0140714626,book_0140714626,,0.0,4.0
0060937998,book_0060937998,,0.0,4.0
0143038745,book_0143038745,,0.0,4.0
0140240039,book_0140240039,,0.0,4.0
0064409597,book_0064409597,,0.0,4.0
0132944189,book_0132944189,,0.0,4.0
0151008787,book_0151008787,,0.0,4.0
0140390308,book_0140390308,,0.0,4.0
0061195405,book_0061195405,,0.0,4.0
0061990698,book_0061990698,,0.0,4.0
0307453375,book_0307453375,,0.0,4.0
0062240196,book_0062240196,,0.0,4.0
0140188592,book_0140188592,,0.0,4.0
0140157654,book_0140157654,,0.0,4.0
0061958743,book_0061958743,,0.0,4.0
0061780103,book_0061780103,,0.0,4.0
0143059300,book_0143059300,,0.0,4.0
0306821931,book_0306821931,,0.0,4.0
0307265412,book_0307265412,,0.0,4.0
0060890681,book_0060890681,,0.0,4.0
0030565812,book_0030565812,,0.0,4.0
0002113570,book_0002113570,,0.0,4.0
0060540974,book_0060540974,,0.0,4.0
0061231770,book_0061231770,,0.0,4.0
0062307525,book_0062307525,,0.0,4.0
0143117947,book_0143117947,,0.0,4.0
0061345776,book_0061345776,,0.0,4.0
0156032937,book_0156032937,,0.0,4.0
0199778809,book_0199778809,,0.0,4.0
0061768111,book_0061768111,,0.0,4.0
014017821X,book_014017821X,,0.0,4.0
0152045651,book_0152045651,,0.0,4.0
0061348104,book_0061348104,,0.0,4.0
0307266273,book_0307266273,,0.0,4.0
0143123114,book_0143123114,,0.0,4.0
0140436227,book_0140436227,,0.0,4.0
006079867X,book_006079867X,,0.0,4.0
030745195X,book_030745195X,,0.0,4.0
0143118048,book_0143118048,,0.0,4.0
0307279391,book_0307279391,,0.0,4.0
0141321598,book_0141321598,,0.0,4.0
0061259357,book_0061259357,,0.0,4.0
0061491349,book_0061491349,,0.0,4.0
0143035177,book_0143035177,,0.0,4.0
0140064842,book_0140064842,,0.0,4.0
0060584696,book_0060584696,,0.0,4.0
006095955X,book_006095955X,,0.0,4.0
0224098101,book_0224098101,,0.0,4.0
0143116525,book_0143116525,,0.0,4.0
014242059X,book_014242059X,,0.0,4.0
0143114050,book_0143114050,,0.0,4.0
0306818027,book_0306818027,,0.0,4.0
0061009504,book_0061009504,,0.0,4.0
0123756952,book_0123756952,,0.0,4.0
0060570091,book_0060570091,,0.0,4.0
0307263517,book_0307263517,,0.0,4.0
0061962740,book_0061962740,,0.0,4.0
0062102419,book_0062102419,,0.0,4.0
0099472252,book_0099472252,,0.0,4.0
0061985791,book_0061985791,,0.0,4.0
0240817206,book_0240817206,,0.0,4.0
0062070347,book_0062070347,,0.0,4.0
0062285505,book_0062285505,,0.0,4.0
006124502X,book_006124502X,,0.0,4.0
0061655953,book_0061655953,,0.0,4.0
0061766666,book_0061766666,,0.0,4.0
0240522273,book_0240522273,,0.0,4.0
0062075934,book_0062075934,,0.0,4.0
0199254567,book_0199254567,,0.0,4.0
0060512806,book_0060512806,,0.0,4.0
0151012954,book_0151012954,,0.0,4.0
0061138088,book_0061138088,,0.0,4.0
0062195379,book_0062195379,,0.0,4.0
0061146307,book_0061146307,,0.0,4.0
0062294784,book_0062294784,,0.0,4.0
0195056868,book_0195056868,,0.0,4.0
0071664327,book_0071664327,,0.0,4.0
0142422061,book_0142422061,,0.0,4.0
0142420921,book_0142420921,,0.0,4.0
0099518570,book_0099518570,,0.0,4.0
0062195514,book_0062195514,,0.0,4.0
0240520440,book_0240520440,,0.0,4.0
0062104926,book_0062104926,,0.0,4.0
0099506165,book_0099506165,,0.0,4.0
0140291873,book_0140291873,,0.0,4.0
0199891958,book_0199891958,,0.0,4.0
0060817267,book_0060817267,,0.0,4.0
0060889578,book_0060889578,,0.0,4.0
0142000345,book_0142000345,,0.0,4.0
0060542977,book_0060542977,,0.0,4.0
0061923931,book_0061923931,,0.0,4.0
0292738757,book_0292738757,,0.0,4.0
0061921270,book_0061921270,,0.0,4.0
024081505X,book_024081505X,,0.0,4.0
0062089080,book_0062089080,,0.0,4.0
0143117491,book_0143117491,,0.0,4.0
0080966659,book_0080966659,,0.0,4.0
0062088157,book_0062088157,,0.0,4.0
0062213784,book_0062213784,,0.0,4.0
0140345353,book_0140345353,,0.0,4.0
0141345659,book_0141345659,,0.0,4.0
0062023004,book_0062023004,,0.0,4.0
0192838997,book_0192838997,,0.0,4.0
0140185364,book_0140185364,,0.0,4.0
0061438294,book_0061438294,,0.0,4.0
0099552817,book_0099552817,,0.0,4.0
0307457052,book_0307457052,,0.0,4.0
0140186549,book_0140186549,,0.0,4.0
0062082191,book_0062082191,,0.0,4.0
0060527048,book_0060527048,,0.0,4.0
0061232009,book_0061232009,,0.0,4.0
0062237187,book_0062237187,,0.0,4.0
0061998168,book_0061998168,,0.0,4.0
0061726192,book_0061726192,,0.0,4.0
0240813413,book_0240813413,,0.0,4.0
006056346X,book_006056346X,,0.0,4.0
0143186426,book_0143186426,,0.0,4.0
0140430776,book_0140430776,,0.0,4.0
0307472760,book_0307472760,,0.0,4.0
0091944058,book_0091944058,,0.0,4.0
0142409138,book_0142409138,,0.0,4.0
0152058664,book_0152058664,,0.0,4.0
0140390421,book_0140390421,,0.0,4.0
0307387208,book_0307387208,,0.0,4.0
0123809185,book_0123809185,,0.0,4.0
0307394808,book_0307394808,,0.0,4.0
0061626317,book_0061626317,,0.0,4.0
0143120441,book_0143120441,,0.0,4.0
0061450553,book_0061450553,,0.0,4.0
0060843640,book_0060843640,,0.0,4.0
0062014072,book_0062014072,,0.0,4.0
0140186409,book_0140186409,,0.0,4.0
0143115855,book_0143115855,,0.0,4.0
0131428950,book_0131428950,,0.0,4.0
0300119232,book_0300119232,,0.0,4.0
0140449159,book_0140449159,,0.0,4.0
0061734020,book_0061734020,,0.0,4.0
0061988243,book_0061988243,,0.0,4.0
000712774X,book_000712774X,,0.0,4.0
0064440206,book_0064440206,,0.0,4.0
0140386335,book_0140386335,,0.0,4.0
0061230871,book_0061230871,,0.0,4.0
0060633158,book_0060633158,,0.0,4.0
030726632X,book_030726632X,,0.0,4.0
0060576456,book_0060576456,,0.0,4.0
0062021273,book_0062021273,,0.0,4.0
0061478776,book_0061478776,,0.0,4.0
0099427869,book_0099427869,,0.0,4.0
0140440453,book_0140440453,,0.0,4.0
0061990817,book_0061990817,,0.0,4.0
0061724602,book_0061724602,,0.0,4.0
0143038788,book_0143038788,,0.0,4.0
0062188348,book_0062188348,,0.0,4.0
0307272516,book_0307272516,,0.0,4.0
0061978841,book_0061978841,,0.0,4.0
0141183314,book_0141183314,,0.0,4.0
0061284742,book_0061284742,,0.0,4.0
0143038591,book_0143038591,,0.0,4.0
0195300718,book_0195300718,,0.0,4.0
030735122X,book_030735122X,,0.0,4.0
0062019503,book_0062019503,,0.0,4.0
0060530413,book_0060530413,,0.0,4.0
0143119885,book_0143119885,,0.0,4.0
0307263711,book_0307263711,,0.0,4.0
0142800902,book_0142800902,,0.0,4.0
0142000531,book_0142000531,,0.0,4.0
0199922071,book_0199922071,,0.0,4.0
0061915319,book_0061915319,,0.0,4.0
006166118X,book_006166118X,,0.0,4.0
0060931930,book_0060931930,,0.0,4.0
019289322X,book_019289322X,,0.0,4.0
0062132520,book_0062132520,,0.0,4.0
0061229776,book_0061229776,,0.0,4.0
0307264238,book_0307264238,,0.0,4.0
0061231541,book_0061231541,,0.0,4.0
0142002062,book_0142002062,,0.0,4.0
0142427551,book_0142427551,,0.0,4.0
0061125784,book_0061125784,,0.0,4.0
0060878819,book_0060878819,,0.0,4.0
0007183518,book_0007183518,,0.0,4.0
0143142372,book_0143142372,,0.0,4.0
0062015788,book_0062015788,,0.0,4.0
0060922583,book_0060922583,,0.0,4.0
0142417521,book_0142417521,,0.0,4.0
0297817906,book_0297817906,,0.0,4.0
0060829850,book_0060829850,,0.0,4.0
0142404241,book_0142404241,,0.0,4.0
0020437501,book_0020437501,,0.0,4.0
0300113994,book_0300113994,,0.0,4.0
0142002267,book_0142002267,,0.0,4.0
0060958294,book_0060958294,,0.0,4.0
0061921033,book_0061921033,,0.0,4.0
0140714790,book_0140714790,,0.0,4.0
0060510250,book_0060510250,,0.0,4.0
0061715417,book_0061715417,,0.0,4.0
0060584750,book_0060584750,,0.0,4.0
0307276740,book_0307276740,,0.0,4.0
0060393491,book_0060393491,,0.0,4.0
0062009494,book_0062009494,,0.0,4.0
0307473783,book_0307473783,,0.0,4.0
006112107X,book_006112107X,,0.0,4.0
0142180882,book_0142180882,,0.0,4.0
000224053X,book_000224053X,,0.0,4.0
0007149824,book_0007149824,,0.0,4.0
0307407861,book_0307407861,,0.0,4.0
006203264X,book_006203264X,,0.0,4.0
0062237896,book_0062237896,,0.0,4.0
0307464822,book_0307464822,,0.0,4.0
0060506539,book_0060506539,,0.0,4.0
0062123920,book_0062123920,,0.0,4.0
0060762993,book_0060762993,,0.0,4.0
0140440046,book_0140440046,,0.0,4.0
0061020060,book_0061020060,,0.0,4.0
0060559284,book_0060559284,,0.0,4.0
0061579149,book_0061579149,,0.0,4.0
0230606172,book_0230606172,,0.0,4.0
0060845503,book_0060845503,,0.0,4.0
0002727463,book_0002727463,,0.0,4.0
014311896X,book_014311896X,,0.0,4.0
0060724560,book_0060724560,,0.0,4.0
0192831992,book_0192831992,,0.0,4.0
0241950449,book_0241950449,,0.0,4.0
0061684228,book_0061684228,,0.0,4.0
0061174149,book_0061174149,,0.0,4.0
0062224735,book_0062224735,,0.0,4.0
0061661201,book_0061661201,,0.0,4.0
0060519606,book_0060519606,,0.0,4.0
0199283273,book_0199283273,,0.0,4.0
0307267571,book_0307267571,,0.0,4.0
0062246933,book_0062246933,,0.0,4.0
0201408252,book_0201408252,,0.0,4.0
0151005133,book_0151005133,,0.0,4.0
0060586621,book_0060586621,,0.0,4.0
0061468363,book_0061468363,,0.0,4.0
0192834320,book_0192834320,,0.0,4.0
0062229524,book_0062229524,,0.0,4.0
0143121359,book_0143121359,,0.0,4.0
009974371X,book_009974371X,,0.0,4.0
014312000X,book_014312000X,,0.0,4.0
0142402575,book_0142402575,,0.0,4.0
006136827X,book_006136827X,,0.0,4.0
000616174X,book_000616174X,,0.0,4.0
0140185224,book_0140185224,,0.0,4.0
0143119605,book_0143119605,,0.0,4.0
0060755598,book_0060755598,,0.0,4.0
0062220004,book_0062220004,,0.0,4.0
0061582484,book_0061582484,,0.0,4.0
0062020188,book_0062020188,,0.0,4.0
0156006197,book_0156006197,,0.0,4.0
0061139122,book_0061139122,,0.0,4.0
0307452689,book_0307452689,,0.0,4.0
0060594527,book_0060594527,,0.0,4.0
0151013535,book_0151013535,,0.0,4.0
0060878835,book_0060878835,,0.0,4.0
0028646851,book_0028646851,,0.0,4.0
0152164138,book_0152164138,,0.0,4.0
0307277399,book_0307277399,,0.0,4.0
0060821477,book_0060821477,,0.0,4.0
0240521773,book_0240521773,,0.0,4.0
0142800651,book_0142800651,,0.0,4.0
0062232509,book_0062232509,,0.0,4.0
0060002484,book_0060002484,,0.0,4.0
0066213002,book_0066213002,,0.0,4.0
0062069349,book_0062069349,,0.0,4.0
0060004746,book_0060004746,,0.0,4.0
0061468398,book_0061468398,,0.0,4.0
006211543X,book_006211543X,,0.0,4.0
0060819499,book_0060819499,,0.0,4.0
0060008032,book_0060008032,,0.0,4.0
0061451584,book_0061451584,,0.0,4.0
0307263924,book_0307263924,,0.0,4.0
0224096397,book_0224096397,,0.0,4.0
0061205648,book_0061205648,,0.0,4.0
0061474126,book_0061474126,,0.0,4.0
0060086602,book_0060086602,,0.0,4.0
0306822725,book_0306822725,,0.0,4.0
0064408183,book_0064408183,,0.0,4.0
0060528877,book_0060528877,,0.0,4.0
0061930059,book_0061930059,,0.0,4.0
0151015090,book_0151015090,,0.0,4.0
014311543X,book_014311543X,,0.0,4.0
0061173932,book_0061173932,,0.0,4.0
0060882042,book_0060882042,,0.0,4.0
0143034308,book_0143034308,,0.0,4.0
0060934611,book_0060934611,,0.0,4.0
0152047050,book_0152047050,,0.0,4.0
0062200577,book_0062200577,,0.0,4.0
0307408973,book_0307408973,,0.0,4.0
0132230852,book_0132230852,,0.0,4.0
0140254544,book_0140254544,,0.0,4.0
0091541905,book_0091541905,,0.0,4.0
0141884819,book_0141884819,,0.0,4.0
0062286447,book_0062286447,,0.0,4.0
0123819725,book_0123819725,,0.0,4.0
0192853961,book_0192853961,,0.0,4.0
014311641X,book_014311641X,,0.0,4.0
0062237284,book_0062237284,,0.0,4.0
0060567104,book_0060567104,,0.0,4.0
0307337332,book_0307337332,,0.0,4.0
0062289861,book_0062289861,,0.0,4.0
0307267482,book_0307267482,,0.0,4.0
014303796X,book_014303796X,,0.0,4.0
0061730416,book_0061730416,,0.0,4.0
0060848367,book_0060848367,,0.0,4.0
0060975857,book_0060975857,,0.0,4.0
0060564512,book_0060564512,,0.0,4.0
0061136646,book_0061136646,,0.0,4.0
0143036742,book_0143036742,,0.0,4.0
0240812255,book_0240812255,,0.0,4.0
0199836787,book_0199836787,,0.0,4.0
0060218053,book_0060218053,,0.0,4.0
0060593776,book_0060593776,,0.0,4.0
0140183485,book_0140183485,,0.0,4.0
0307381641,book_0307381641,,0.0,4.0
0240817362,book_0240817362,,0.0,4.0
0143037404,book_0143037404,,0.0,4.0
0142000205,book_0142000205,,0.0,4.0
0060560983,book_0060560983,,0.0,4.0
0307455475,book_0307455475,,0.0,4.0
0061434426,book_0061434426,,0.0,4.0
006212126X,book_006212126X,,0.0,4.0
0061709557,book_0061709557,,0.0,4.0
0020291922,book_0020291922,,0.0,4.0
0131857266,book_0131857266,,0.0,4.0
0140707050,book_0140707050,,0.0,4.0
0143119737,book_0143119737,,0.0,4.0
0061741361,book_0061741361,,0.0,4.0
0060688246,book_0060688246,,0.0,4.0
0061138061,book_0061138061,,0.0,4.0
013149418X,book_013149418X,,0.0,4.0
0060727535,book_0060727535,,0.0,4.0
0230613616,book_0230613616,,0.0,4.0
0060935227,book_0060935227,,0.0,4.0
0061626864,book_0061626864,,0.0,4.0
0307460703,book_0307460703,,0.0,4.0
0061576611,book_0061576611,,0.0,4.0
0151011338,book_0151011338,,0.0,4.0
0062240129,book_0062240129,,0.0,4.0
0061885665,book_0061885665,,0.0,4.0
015626224X,book_015626224X,,0.0,4.0
0060560959,book_0060560959,,0.0,4.0
0060738170,book_0060738170,,0.0,4.0
0062021877,book_0062021877,,0.0,4.0
0007263686,book_0007263686,,0.0,4.0
0151011397,book_0151011397,,0.0,4.0
0307387062,book_0307387062,,0.0,4.0
0142180211,book_0142180211,,0.0,4.0
0061771880,book_0061771880,,0.0,4.0
014132371X,book_014132371X,,0.0,4.0
0061960454,book_0061960454,,0.0,4.0
0307277453,book_0307277453,,0.0,4.0
006208478X,book_006208478X,,0.0,4.0
006118943X,book_006118943X,,0.0,4.0
0240818709,book_0240818709,,0.0,4.0
0131873725,book_0131873725,,0.0,4.0
0142800562,book_0142800562,,0.0,4.0
0141034262,book_0141034262,,0.0,4.0
0061906220,book_0061906220,,0.0,4.0
0142414379,book_0142414379,,0.0,4.0
0152049428,book_0152049428,,0.0,4.0
0151014981,book_0151014981,,0.0,4.0
0061965766,book_0061965766,,0.0,4.0
0307336131,book_0307336131,,0.0,4.0
0060175966,book_0060175966,,0.0,4.0
0142000930,book_0142000930,,0.0,4.0
0307458016,book_0307458016,,0.0,4.0
0142003255,book_0142003255,,0.0,4.0
0142409359,book_0142409359,,0.0,4.0
0151008248,book_0151008248,,0.0,4.0
0062091093,book_0062091093,,0.0,4.0
0140445056,book_0140445056,,0.0,4.0
0230108032,book_0230108032,,0.0,4.0
0060014342,book_0060014342,,0.0,4.0
0061689424,book_0061689424,,0.0,4.0
0240812522,book_0240812522,,0.0,4.0
0099460254,book_0099460254,,0.0,4.0
0306813734,book_0306813734,,0.0,4.0
0240814975,book_0240814975,,0.0,4.0
0061715808,book_0061715808,,0.0,4.0
0151014892,book_0151014892,,0.0,4.0
0062106260,book_0062106260,,0.0,4.0
0133352854,book_0133352854,,0.0,4.0
0140441824,book_0140441824,,0.0,4.0
0142412562,book_0142412562,,0.0,4.0
000649885X,book_000649885X,,0.0,4.0
0061044431,book_0061044431,,0.0,4.0
0062001043,book_0062001043,,0.0,4.0
0061286117,book_0061286117,,0.0,4.0
0060930349,book_0060930349,,0.0,4.0
030746296X,book_030746296X,,0.0,4.0
0061999318,book_0061999318,,0.0,4.0
0061138037,book_0061138037,,0.0,4.0
0143125478,book_0143125478,,0.0,4.0
0307245640,book_0307245640,,0.0,4.0
0140189130,book_0140189130,,0.0,4.0
006163266X,book_006163266X,,0.0,4.0
0062272543,book_0062272543,,0.0,4.0
0140501746,book_0140501746,,0.0,4.0
0199919755,book_0199919755,,0.0,4.0
0143122231,book_0143122231,,0.0,4.0
0230342205,book_0230342205,,0.0,4.0
0307278824,book_0307278824,,0.0,4.0
0226465551,book_0226465551,,0.0,4.0
0141180145,book_0141180145,,0.0,4.0
0062009702,book_0062009702,,0.0,4.0
0152061886,book_0152061886,,0.0,4.0
0060598875,book_0060598875,,0.0,4.0
0140620303,book_0140620303,,0.0,4.0
0140132708,book_0140132708,,0.0,4.0
006137587X,book_006137587X,,0.0,4.0
0143116738,book_0143116738,,0.0,4.0
0156180650,book_0156180650,,0.0,4.0
0143115057,book_0143115057,,0.0,4.0
0060192119,book_0060192119,,0.0,4.0
0062268120,book_0062268120,,0.0,4.0
0060562536,book_0060562536,,0.0,4.0
014241770X,book_014241770X,,0.0,4.0
0142407801,book_0142407801,,0.0,4.0
0142004626,book_0142004626,,0.0,4.0
0233978291,book_0233978291,,0.0,4.0
0143142321,book_0143142321,,0.0,4.0
0307451984,book_0307451984,,0.0,4.0
006209419X,book_006209419X,,0.0,4.0
0061583251,book_0061583251,,0.0,4.0
0062094505,book_0062094505,,0.0,4.0
0061704105,book_0061704105,,0.0,4.0
0061030643,book_0061030643,,0.0,4.0
0240522486,book_0240522486,,0.0,4.0
0061929387,book_0061929387,,0.0,4.0
0062115758,book_0062115758,,0.0,4.0
0140447601,book_0140447601,,0.0,4.0
0143112031,book_0143112031,,0.0,4.0
0307455173,book_0307455173,,0.0,4.0
0006514219,book_0006514219,,0.0,4.0
006083465X,book_006083465X,,0.0,4.0
0142426040,book_0142426040,,0.0,4.0
0061689246,book_0061689246,,0.0,4.0
0143123203,book_0143123203,,0.0,4.0
0061148512,book_0061148512,,0.0,4.0
0300137192,book_0300137192,,0.0,4.0
0061345717,book_0061345717,,0.0,4.0
0007233450,book_0007233450,,0.0,4.0
0140558640,book_0140558640,,0.0,4.0
0060874481,book_0060874481,,0.0,4.0
0062060813,book_0062060813,,0.0,4.0
014305760X,book_014305760X,,0.0,4.0
0061231134,book_0061231134,,0.0,4.0
013146745X,book_013146745X,,0.0,4.0
0151012504,book_0151012504,,0.0,4.0
0060530928,book_0060530928,,0.0,4.0
0061430625,book_0061430625,,0.0,4.0
0224016067,book_0224016067,,0.0,4.0
0060753943,book_0060753943,,0.0,4.0
0061995568,book_0061995568,,0.0,4.0
0142196002,book_0142196002,,0.0,4.0
009953682X,book_009953682X,,0.0,4.0
0307456242,book_0307456242,,0.0,4.0
0061050326,book_0061050326,,0.0,4.0
0156032503,book_0156032503,,0.0,4.0
0061938343,book_0061938343,,0.0,4.0
0060517662,book_0060517662,,0.0,4.0
0062311077,book_0062311077,,0.0,4.0
0061624217,book_0061624217,,0.0,4.0
0195181239,book_0195181239,,0.0,4.0
0132620340,book_0132620340,,0.0,4.0
0064441555,book_0064441555,,0.0,4.0
0062077325,book_0062077325,,0.0,4.0
0142002070,book_0142002070,,0.0,4.0
0130325996,book_0130325996,,0.0,4.0
0060755342,book_0060755342,,0.0,4.0
0062060759,book_0062060759,,0.0,4.0
0099478897,book_0099478897,,0.0,4.0
0140178724,book_0140178724,,0.0,4.0
0062085492,book_0062085492,,0.0,4.0
0240814630,book_0240814630,,0.0,4.0
0307279855,book_0307279855,,0.0,4.0
0061730742,book_0061730742,,0.0,4.0
0140436588,book_0140436588,,0.0,4.0
0060792833,book_0060792833,,0.0,4.0
0062031899,book_0062031899,,0.0,4.0
0060911131,book_0060911131,,0.0,4.0
0062074334,book_0062074334,,0.0,4.0
0226771016,book_0226771016,,0.0,4.0
0061809462,book_0061809462,,0.0,4.0
0192838431,book_0192838431,,0.0,4.0
0142402516,book_0142402516,,0.0,4.0
0199782520,book_0199782520,,0.0,4.0
0142411183,book_0142411183,,0.0,4.0
0307386023,book_0307386023,,0.0,4.0
0151787336,book_0151787336,,0.0,4.0
0240820738,book_0240820738,,0.0,4.0
0142419796,book_0142419796,,0.0,4.0
0091948363,book_0091948363,,0.0,4.0
0060198125,book_0060198125,,0.0,4.0
0143034677,book_0143034677,,0.0,4.0
0061997102,book_0061997102,,0.0,4.0
0199582491,book_0199582491,,0.0,4.0
0060891548,book_0060891548,,0.0,4.0
0141348291,book_0141348291,,0.0,4.0
0307456293,book_0307456293,,0.0,4.0
0131425021,book_0131425021,,0.0,4.0
0192833987,book_0192833987,,0.0,4.0
0142428868,book_0142428868,,0.0,4.0
0061456772,book_0061456772,,0.0,4.0
0142437433,book_0142437433,,0.0,4.0
0195161394,book_0195161394,,0.0,4.0
0064440214,book_0064440214,,0.0,4.0
0062309897,book_0062309897,,0.0,4.0
0062245821,book_0062245821,,0.0,4.0
0061441686,book_0061441686,,0.0,4.0
0061582603,book_0061582603,,0.0,4.0
0137137486,book_0137137486,,0.0,4.0
0060085460,book_0060085460,,0.0,4.0
0307279898,book_0307279898,,0.0,4.0
0133090442,book_0133090442,,0.0,4.0
0099492830,book_0099492830,,0.0,4.0
0156013908,book_0156013908,,0.0,4.0
0060935979,book_0060935979,,0.0,4.0
0156031701,book_0156031701,,0.0,4.0
0060731451,book_0060731451,,0.0,4.0
0140430156,book_0140430156,,0.0,4.0
0061686514,book_0061686514,,0.0,4.0
0062075942,book_0062075942,,0.0,4.0
0143037730,book_0143037730,,0.0,4.0
014303748X,book_014303748X,,0.0,4.0
0142429406,book_0142429406,,0.0,4.0
0060851988,book_0060851988,,0.0,4.0
0061456756,book_0061456756,,0.0,4.0
0061130990,book_0061130990,,0.0,4.0
0062223895,book_0062223895,,0.0,4.0
0062238426,book_0062238426,,0.0,4.0
0142437964,book_0142437964,,0.0,4.0
0140254587,book_0140254587,,0.0,4.0
0062267965,book_0062267965,,0.0,4.0
014311493X,book_014311493X,,0.0,4.0
0060530499,book_0060530499,,0.0,4.0
013714234X,book_013714234X,,0.0,4.0
0307378799,book_0307378799,,0.0,4.0
0140298517,book_0140298517,,0.0,4.0
0143036424,book_0143036424,,0.0,4.0
0060742887,book_0060742887,,0.0,4.0
0151010196,book_0151010196,,0.0,4.0
0061490180,book_0061490180,,0.0,4.0
014312546X,book_014312546X,,0.0,4.0
0060525126,book_0060525126,,0.0,4.0
0060929782,book_0060929782,,0.0,4.0
0061715867,book_0061715867,,0.0,4.0
0241954290,book_0241954290,,0.0,4.0
0062003976,book_0062003976,,0.0,4.0
0061852074,book_0061852074,,0.0,4.0
0061944904,book_0061944904,,0.0,4.0
0141439971,book_0141439971,,0.0,4.0
0307461181,book_0307461181,,0.0,4.0
0062089641,book_0062089641,,0.0,4.0
0062192159,book_0062192159,,0.0,4.0
0199239185,book_0199239185,,0.0,4.0
0061766216,book_0061766216,,0.0,4.0
0156027666,book_0156027666,,0.0,4.0
0152050841,book_0152050841,,0.0,4.0
0307278581,book_0307278581,,0.0,4.0
0029146739,book_0029146739,,0.0,4.0
0062279386,book_0062279386,,0.0,4.0
0060196149,book_0060196149,,0.0,4.0
0199537259,book_0199537259,,0.0,4.0
0062267175,book_0062267175,,0.0,4.0
0020165811,book_0020165811,,0.0,4.0
0143114425,book_0143114425,,0.0,4.0
0307378764,book_0307378764,,0.0,4.0
0060509058,book_0060509058,,0.0,4.0
0224619101,book_0224619101,,0.0,4.0
0060735457,book_0060735457,,0.0,4.0
000616823X,book_000616823X,,0.0,4.0
0062255657,book_0062255657,,0.0,4.0
0061245038,book_0061245038,,0.0,4.0
0307270661,book_0307270661,,0.0,4.0
0140443150,book_0140443150,,0.0,4.0
0060006641,book_0060006641,,0.0,4.0
0062073826,book_0062073826,,0.0,4.0
0061009059,book_0061009059,,0.0,4.0
000779021X,book_000779021X,,0.0,4.0
0306810212,book_0306810212,,0.0,4.0
0062282247,book_0062282247,,0.0,4.0
0027436292,book_0027436292,,0.0,4.0
0240812271,book_0240812271,,0.0,4.0
0140042407,book_0140042407,,0.0,4.0
006203166X,book_006203166X,,0.0,4.0
0140178139,book_0140178139,,0.0,4.0
006135564X,book_006135564X,,0.0,4.0
0062284738,book_0062284738,,0.0,4.0
0080890520,book_0080890520,,0.0,4.0
015205300X,book_015205300X,,0.0,4.0
0007332750,book_0007332750,,0.0,4.0
0060293152,book_0060293152,,0.0,4.0
0060540753,book_0060540753,,0.0,4.0
0061869708,book_0061869708,,0.0,4.0
0060194197,book_0060194197,,0.0,4.0
0307275663,book_0307275663,,0.0,4.0
0062273639,book_0062273639,,0.0,4.0
0006470181,book_0006470181,,0.0,4.0
0061697184,book_0061697184,,0.0,4.0
0307393976,book_0307393976,,0.0,4.0
0061851825,book_0061851825,,0.0,4.0
0307464970,book_0307464970,,0.0,4.0
0195399560,book_0195399560,,0.0,4.0
0062006169,book_0062006169,,0.0,4.0
006009026X,book_006009026X,,0.0,4.0
0307266443,book_0307266443,,0.0,4.0
0060815256,book_0060815256,,0.0,4.0
0061671851,book_0061671851,,0.0,4.0
0142003387,book_0142003387,,0.0,4.0
0199746885,book_0199746885,,0.0,4.0
006173506X,book_006173506X,,0.0,4.0
030745469X,book_030745469X,,0.0,4.0
0141330554,book_0141330554,,0.0,4.0
0297863924,book_0297863924,,0.0,4.0
0195161998,book_0195161998,,0.0,4.0
0140284109,book_0140284109,,0.0,4.0
0230700101,book_0230700101,,0.0,4.0
0307271897,book_0307271897,,0.0,4.0
006074748X,book_006074748X,,0.0,4.0
0060929847,book_0060929847,,0.0,4.0
0061214655,book_0061214655,,0.0,4.0
0062135929,book_0062135929,,0.0,4.0
006059330X,book_006059330X,,0.0,4.0
0062003070,book_0062003070,,0.0,4.0
0060843098,book_0060843098,,0.0,4.0
0307336883,book_0307336883,,0.0,4.0
0140153209,book_0140153209,,0.0,4.0
0140448071,book_0140448071,,0.0,4.0
0307455386,book_0307455386,,0.0,4.0
0060502959,book_0060502959,,0.0,4.0
0061792101,book_0061792101,,0.0,4.0
0060831138,book_0060831138,,0.0,4.0
006202468X,book_006202468X,,0.0,4.0
0143120867,book_0143120867,,0.0,4.0
0142437298,book_0142437298,,0.0,4.0
0062084232,book_0062084232,,0.0,4.0
015204616X,book_015204616X,,0.0,4.0
0192838830,book_0192838830,,0.0,4.0
0141310464,book_0141310464,,0.0,4.0
0141309814,book_0141309814,,0.0,4.0
0240812298,book_0240812298,,0.0,4.0
0060688556,book_0060688556,,0.0,4.0
0230115713,book_0230115713,,0.0,4.0
0061144835,book_0061144835,,0.0,4.0
030726419X,book_030726419X,,0.0,4.0
0060287616,book_0060287616,,0.0,4.0
0141009055,book_0141009055,,0.0,4.0
0142427861,book_0142427861,,0.0,4.0
0297850687,book_0297850687,,0.0,4.0
0192838881,book_0192838881,,0.0,4.0
0061020648,book_0061020648,,0.0,4.0
0142411876,book_0142411876,,0.0,4.0
0061366242,book_0061366242,,0.0,4.0
014311865X,book_014311865X,,0.0,4.0
0140291156,book_0140291156,,0.0,4.0
0240812042,book_0240812042,,0.0,4.0
006221960X,book_006221960X,,0.0,4.0
0123751063,book_0123751063,,0.0,4.0
006018793X,book_006018793X,,0.0,4.0
0140276165,book_0140276165,,0.0,4.0
0062187414,book_0062187414,,0.0,4.0
0061007129,book_0061007129,,0.0,4.0
0006135129,book_0006135129,,0.0,4.0
0060975776,book_0060975776,,0.0,4.0
0061986704,book_0061986704,,0.0,4.0
0060975504,book_0060975504,,0.0,4.0
0060755350,book_0060755350,,0.0,4.0
0060800216,book_0060800216,,0.0,4.0
